record_id,age,college_year,otheryearschool,inter_stud,start_where,rescom,homezip,homecity,homestate,homecountry,Distance to MHU,Severity,finan_dep,finan_indep,race___1,race___2,race___3,race___4,race___5,race___6,race___7,race___8,race___9,race___10,race_other,gender,gender_other,sexuality,sexuality_other,housing,housing_other,lot_1,lot_2,lot_3,lot_3R,lot_4,lot_5,lot_6,lot_7,lot_7R,lot_8,lot_9,lot_9R,lot_10,LOT_AVE_1,b5_1,b5_2,b5_2R,b5_3,b5_4,b5_4R,b5_5,b5_6,b5_6R,b5_7,b5_8,b5_8R,b5_9,b5_10,b5_10R,B_5_E_AVE,B_5_A_AVE,B_5_C_AVE,B_5_ES_AVE,B_5_O_AVE,heart_1,heart_2,heart_3,heart_4,heart_5,heart_6,heart_7,heart_8,heart_9,heart_10,heart_11,heart_12,heart_13,heart_14,heart_15,heart_16,HEART_TOT_1,ies1,ies2,ies3,ies4,ies5,ies6,ies7,IES_AVE_1,igrs_1,igrs_2,igrs_3,igrs_4,igrs_5,IGRS_AVE_1,erri_1,erri_2,erri_3,erri_4,erri_5,erri_6,erri_7,erri_8,erri_9,erri_10,erri_11,erri_12,erri_13,erri_14,erri_15,erri_16,erri_17,erri_18,erri_19,erri_20,ERRI_AVE_1,ERRI_IR_AVE_1,ERRI_DR_AVE_1,grat1,grat2,grat3,grat3R,grat4,grat5,grat6,grat6R,GRAT_AVE_1,mpss1,mpss2,mpss3,mpss4,mpss5,mpss6,mpss7,mpss8,mpss9,mpss10,mpss11,mpss12,mpss13,mpss14,mpss15,mpss16,MPSS_FAM_AVE_1,MPSS_FRI_AVE_1,MPSS_SO_AVE_1,MPSS_COM_AVE_1,MPSS_AVE_1,ptsd1,ptsd2,ptsd3,ptsd4,ptsd5,ptsd6,ptsd7,ptsd8,ptsd9,ptsd10,ptsd11,ptsd12,ptsd13,ptsd14,ptsd15,ptsd16,ptsd17,PTSD_AVE_1,ptg1,ptg2,ptg3,ptg4,ptg5,ptg6,ptg7,ptg8,ptg9,ptg10,ptg11,ptg12,ptg13,ptg14,ptg15,ptg16,ptg17,ptg18,ptg19,ptg20,ptg21,PTG_PS_AVE_1,PTG_NP_AVE_1,PTG_IR_AVE_1,PTG_SG_AVE_1,PTG_AL_AVE_1,PTG_AVE_1,record_ID_v2,lot_1_v2,lot_2_v2,lot_3_v2,lot_3R_v2,lot_4_v2,lot_5_v2,lot_6_v2,lot_7_v2,lot_7R_v2,lot_8_v2,lot_9_v2,lot_9R_v2,lot_10_v2,LOT_AVE_2,heart_1_v2,heart_2_v2,heart_3_v2,heart_4_v2,heart_5_v2,heart_6_v2,heart_7_v2,heart_8_v2,heart_9_v2,heart_10_v2,heart_11_v2,heart_10_v2,heart_13_v2,heart_14_v2,heart_15_v2,heart_16_v2,HEART_TOT_2,igrs_1_v2,igrs_2_v2,igrs_3_v2,igrs_4_v2,igrs_5_v2,IGRS_AVE_2,erri_1_v2,erri_2_v2,erri_3_v2,erri_4_v2,erri_5_v2,erri_6_v2,erri_7_v2,erri_8_v2,erri_9_v2,erri_10_v2,erri_11_v2,erri_12_v2,erri_13_v2,erri_14_v2,erri_15_v2,erri_16_v2,erri_17_v2,erri_18_v2,erri_19_v2,erri_20_v2,ERRI_AVE_2,ERRI_IR_AVE_2,ERRI_DR_AVE_2,grat1_v2,grat2_v2,grat3_v2,grat3R_v2,grat4_v2,grat5_v2,grat6_v2,grat6R_v2,GRAT_AVE_2,mpss1_v2,mpss2_v2,mpss3_v2,mpss4_v2,mpss5_v2,mpss6_v2,mpss7_v2,mpss8_v2,mpss9_v2,mpss10_v2,mpss11_v2,mpss12_v2,mpss13_v2,mpss14_v2,mpss15_v2,mpss16_v2,MPSS_FAM_AVE_2,MPSS_FRI_AVE_2,MPSS_SO_AVE_2,MPSS_COM_AVE_2,MPSS_AVE_2,ptsd1_v2,ptsd2_v2,ptsd3_v2,ptsd4_v2,ptsd5_v2,ptsd6_v2,ptsd7_v2,ptsd8_v2,ptsd9_v2,ptsd10_v2,ptsd11_v2,ptsd12_v2,ptsd13_v2,ptsd14_v2,ptsd15_v2,ptsd16_v2,ptsd17_v2,PTSD_AVE_2,ptg2_v2,ptg3_v2,ptg4_v2,ptg5_v2,ptg6_v2,ptg7_v2,ptg8_v2,ptg9_v2,ptg10_v2,ptg11_v2,ptg12_v2,ptg13_v2,ptg14_v2,ptg15_v2,ptg16_v2,ptg17_v2,ptg18_v2,ptg19_v2,ptg20_v2,ptg21_v2,ptg22_v2,PTG_PS_AVE_2,PTG_NP_AVE_2,PTG_IR_AVE_2,PTG_SG_AVE_2,PTG_AL_AVE_2,PTG_AVE_2,brs_1,brs_2,brs_2R,brs_3,brs_4,brs_4R,brs_5,brs_6,brs_6R,brs_ave,bcope1,bcope2,bcope3,bcope4,bcope5,bcope6,bcope7,bcope8,bcope9,bcope10,bcope11,bcope12,bcope13,bcope14,bcope15,bcope16,bcope17,bcope18,bcope19,bcope20,bcope21,bcope22,bcope23,bcope24,bcope25,bcope26,bcope27,bcope28,bcope_Prob,bcope_Emo,bcope_Avoid,actions___1,actions___2,actions___3,actions___4,actions___5,actions___6,actions___7,actions___8,actions___9,ActionTotal,changes,ChangesCat,hs_gpa,c_gpa
2,21,4,,0,1,1,28754,Flag pond ,47,,0.2,,0,0,0,0,0,0,0,0,1,0,0,0,,1,,9,,1,,2,1,1,3,2,2,3,2,2,2,2,2,3,2.333333333,3,4,4,5,5,3,4,5,3,5,4,4,4,4,4,3,4.5,4.5,3.5,4,0,0,0,1,0,0,1,1,0,0,1,0,0,0,1,1,6,5,2,2,2,2,3,3,2.714285714,1,2,2,1,2,1.6,1,1,3,1,1,3,3,1,1,1,1,3,0,1,0,1,1,0,1,1,0.909090909,1.6,0.9,4,3,3,3,5,4,4,2,3.5,5,5,3,3,5,3,3,1,3,5,3,3,4,4,5,3,2.5,3,5,4,3.625,2,5,2,3,5,1,3,1,5,5,5,5,1,5,5,5,5,3.705882353,0,2,0,1,1,0,0,0,0,0,0,1,0,0,1,1,0,1,0,0,0,0.5,0,0.285714286,1,0.666666667,0.380952381,2002,2,2,2,2,3,3,4,2,2,1,2,2,2,2.166666667,0,1,0,1,0,0,1,1,0,0,1,0,0,0,0,0,5,4,4,4,3,4,3.8,1,1,1,1,1,1,3,1,1,1,1,1,0,1,1,1,1,1,0,1,0.818181818,1.2,0.8,4,4,2,4,5,5,5,1,3.833333333,5,5,4,1,5,4,3,3,3,5,1,3,4,5,5,3,2.25,3.25,5,4.25,3.6875,2,2,3,4,3,3,3,2,2,2,2,3,2,1,2,2,2,2.352941176,1,2,1,3,0,2,0,1,1,3,1,2,1,1,1,1,1,1,3,1,1,2.75,0.8,1.142857143,0.5,1.333333333,1.333333333,4,3,3,4,3,3,4,3,3,3.5,2,3,3,4,2,4,2,4,4,3,4,4,3,3,1,4,3,3,3,3,3,3,2,3,3,4,3,3,2.875,2.916666667,3.5,1,0,0,0,1,1,0,1,1,5,Not really any changes from hurricane Helene.,0,2,1
12,18,1,,0,1,1,28759,Mills River,36,,30.3,,1,0,0,0,0,0,0,0,1,0,0,0,,2,,1,,1,,4,1,0,4,3,3,4,0,4,3,0,4,3,3.666666667,5,3,5,5,4,4,5,3,5,2,2,6,4,3,5,5,3.5,5.5,4,5,0,0,0,0,0,0,1,0,0,0,0,0,0,0,0,0,1,1,1,1,2,1,1,1,1.142857143,2,4,4,4,5,3.8,1,0,0,0,0,0,0,0,0,0,3,2,0,2,1,0,1,0,2,1,1.090909091,0.1,1.2,4,4,1,5,5,4,5,1,3.833333333,4,4,4,4,4,4,4,3,4,5,4,4,,4,3,3,3.75,4,4.25,3.333333333,3.866666667,1,1,1,2,1,2,1,3,1,1,4,1,1,1,2,1,1,1.470588235,3,1,1,2,,3,0,3,0,3,3,,0,4,2,4,2,,0,3,4,1.666666667,2,2.714285714,,1.333333333,2.111111111,2012,4,2,1,3,4,3,3,0,4,3,1,3,3,3.5,0,0,0,0,0,0,1,0,0,0,0,0,0,0,0,0,1,3,4,4,4,4,3.8,0,0,0,0,0,0,0,0,0,0,3,0,0,0,0,1,2,0,0,0,0.545454545,0,0.6,5,4,2,4,5,4,5,1,3.833333333,5,5,3,3,5,4,4,3,4,5,3,4,4,5,3,3,3,4,5,3.75,3.9375,1,1,1,2,1,1,1,2,1,1,2,1,1,1,1,1,1,1.176470588,2,3,0,2,0,3,0,5,2,3,0,1,1,0,1,3,1,0,1,3,1,1.75,0.2,2.571428571,0,2,1.523809524,4,2,4,3,3,3,2,4,2,3,,,,,,,,,,,,,,,,,,,,,,,,,,,,,,,,0,0,0,0,0,0,0,0,0,0,N/A,0,1,1
24,19,1,,0,1,1,66441,Junction City,19,,813.8,,1,0,1,0,0,0,0,0,1,0,0,0,,1,,1,,1,,2,2,3,1,3,3,3,1,3,0,1,3,3,2.5,6,7,1,5,7,1,5,4,4,5,2,6,2,3,5,5,3,5.5,1.5,5,0,0,0,0,0,0,1,0,0,0,0,0,0,0,0,0,1,1,1,1,2,4,1,1,1.571428571,3,4,4,4,4,3.8,1,0,0,0,0,0,0,1,0,0,1,0,1,1,0,1,0,0,1,2,0.636363636,0.2,0.7,5,5,1,5,5,5,5,1,4.333333333,5,5,5,5,5,4,4,5,5,5,5,5,5,5,5,5,5,4.5,5,5,4.875,1,1,1,1,1,1,1,1,1,1,1,1,1,1,1,1,1,1,2,4,3,4,4,4,1,4,4,4,2,3,4,5,4,4,4,4,2,5,5,3.25,3,4.285714286,4,3.333333333,3.619047619,2024,1,1,2,2,3,3,3,1,3,1,2,2,3,2.333333333,0,0,0,0,0,0,1,0,0,0,0,0,0,0,0,0,1,4,4,3,4,4,3.8,2,0,0,0,0,0,0,1,0,0,2,1,1,1,1,1,0,0,0,0,0.636363636,0.3,0.7,5,5,1,5,5,5,5,1,4.333333333,5,5,5,5,5,5,5,5,5,5,5,5,5,5,5,5,5,5,5,5,5,1,1,1,1,1,1,1,1,1,1,1,1,1,1,1,1,1,1,0,4,0,4,4,4,0,4,4,4,4,4,4,4,4,3,3,3,3,5,2,3.75,2.2,3.714285714,3.5,2.666666667,3.19047619,4,2,4,3,3,3,4,4,2,3.333333333,4,4,4,4,4,4,4,4,4,4,4,4,4,4,4,4,3,4,4,1,4,1,1,1,1,4,1,4,3.125,3,4,0,0,0,0,0,0,0,1,1,2,Not any significant changes. ,0,1,1
26,20,1,,0,2,1,32060,Live Oak,11,,383,,1,0,0,0,0,0,0,0,1,0,0,0,,2,,1,,1,,3,4,1,3,3,3,2,1,3,1,1,3,4,3.166666667,5,5,3,6,2,6,6,6,2,5,1,7,6,5,3,3.5,4,6.5,6,4.5,0,0,0,0,0,0,1,0,0,0,0,0,0,0,0,0,1,1,1,1,1,1,1,1,1,1,1,1,3,1,1.4,0,0,0,0,0,0,0,0,0,0,0,0,0,0,0,0,0,0,0,0,0,0,0,5,5,1,5,5,5,5,1,4.333333333,3,5,4,4,5,3,3,4,4,5,4,4,4,4,4,3,4,3.5,4.5,3.75,3.9375,1,1,1,1,1,1,1,1,1,1,1,1,1,1,1,1,1,1,0,0,0,3,0,3,0,3,0,3,3,3,3,0,0,3,3,3,2,3,2,2.75,1.2,2,1.5,1,1.761904762,2026,2,3,1,3,3,3,2,1,3,3,1,3,4,3,0,0,0,0,0,0,1,0,0,0,0,0,,0,0,0,1,3,3,3,2,4,3,0,0,0,0,0,0,0,0,0,0,0,0,0,0,0,0,0,0,0,0,0,0,0,5,5,1,5,5,5,5,1,4.333333333,5,5,4,4,5,3,4,4,4,5,4,4,3,2,2,2,4,3.75,5,2.25,3.75,1,1,1,1,1,1,1,1,1,1,1,1,1,1,1,1,1,1,1,1,0,2,1,0,0,0,0,3,0,2,3,0,0,0,0,3,2,0,1,2.25,0,0.142857143,2,1.666666667,0.904761905,4,2,4,4,2,4,4,2,4,4,4,4,4,4,4,4,4,4,4,4,4,4,4,4,4,4,4,4,4,4,4,4,4,4,4,4,4,4,4,4,4,0,0,0,0,0,0,0,0,0,0,None,0,1,1
29,19,1,,0,1,1,28791,Hendersonville ,36,,35.3,,1,0,0,0,0,0,0,0,0,0,1,0,,2,,9,,1,,3,1,2,2,2,3,2,2,2,3,2,2,3,2.333333333,4,4,4,4,5,3,4,5,3,4,5,3,3,2,6,3.5,4,3.5,3,5,0,1,0,0,1,0,1,0,0,0,1,1,0,0,0,0,5,3,1,3,3,4,3,2,2.714285714,3,4,3,3,3,3.2,1,2,0,0,0,1,1,0,1,2,1,1,0,0,1,1,0,1,2,0,0.818181818,0.8,0.7,3,3,3,3,3,4,4,2,3,3,4,5,4,4,4,4,3,4,3,3,4,4,3,3,3,3.75,4,3.5,3.25,3.625,3,3,3,3,4,4,4,4,4,3,2,4,3,3,2,4,3,3.294117647,4,3,3,3,4,4,3,2,3,3,3,2,3,3,3,3,4,3,2,2,2,2.5,3.2,2.714285714,3.5,3.333333333,2.952380952,2029,3,2,3,1,2,4,2,3,1,2,3,1,2,1.666666667,0,0,0,0,0,0,0,0,0,0,0,1,0,0,0,0,1,4,3,4,3,3,3.4,2,1,2,2,1,2,2,2,1,1,1,2,2,2,2,2,1,2,1,1,1.545454545,1.6,1.6,4,4,4,2,4,3,3,3,3.333333333,4,4,4,3,4,3,3,3,4,3,3,3,3,3,4,3,3.25,3.25,3.75,3.25,3.375,4,4,4,4,4,3,3,3,4,3,4,4,4,2,4,3,3,3.529411765,4,4,4,3,4,2,2,4,3,3,4,5,4,4,3,3,3,4,3,4,4,3.5,3.4,3.285714286,4,4,3.523809524,4,4,2,4,3,3,4,2,4,3.5,3,2,2,2,3,2,2,2,3,2,3,3,3,2,2,4,4,3,3,3,3,3,3,2,3,3,3,3,2.625,2.833333333,2.625,0,0,0,1,0,0,0,0,0,1,No,,3,2
34,18,1,,0,1,1,32168,New Smyrna Beach ,11,,479,,1,0,0,0,0,0,0,0,1,0,0,0,,1,,1,,1,,2,2,1,3,3,4,3,1,3,2,1,3,3,2.833333333,5,3,5,6,4,4,5,5,3,6,2,6,4,3,5,4,5.5,6,4,5,0,0,0,0,0,0,1,0,0,0,0,0,0,0,0,0,1,2,1,1,2,2,1,1,1.428571429,2,3,,4,4,3.25,1,0,0,0,0,1,1,1,0,0,1,1,0,1,0,1,1,0,1,1,0.636363636,0.4,0.7,5,5,1,5,5,5,5,1,4.333333333,4,4,5,4,4,4,4,4,4,4,4,4,4,4,4,3,4.25,4,4,3.75,4,1,1,1,1,1,1,1,1,1,1,1,1,1,1,1,1,1,1,1,4,2,3,3,5,1,4,4,4,3,3,4,2,3,4,4,3,4,4,4,3.5,2.4,4,3,3,3.285714286,2034,2,3,1,3,3,3,3,1,3,3,1,3,3,2.833333333,0,0,0,0,0,,1,0,0,0,0,0,0,0,0,0,1,3,4,4,4,4,3.8,1,0,0,0,0,1,1,0,1,0,2,2,1,2,1,0,1,1,1,1,1.090909091,0.4,1.2,5,5,1,5,5,5,4,2,4.5,5,5,5,5,5,5,5,5,5,5,5,5,4,4,4,3,5,5,5,3.75,4.6875,3,2,1,2,1,3,2,2,1,1,1,1,1,1,1,1,1,1.470588235,2,3,1,2,3,5,1,4,3,3,2,3,3,1,3,2,2,3,3,4,4,2.75,1.4,3.571428571,3,2.666666667,2.714285714,4,2,4,4,2,4,4,2,4,4,2,2,4,4,1,3,1,3,3,1,4,2,3,3,2,4,1,2,2,2,3,1,1,2,3,2,1,3,1.75,2.083333333,3.25,0,0,0,0,0,1,0,1,1,3,Better appreciation of the environment and life. ,1,1,1
37,21,4,,0,1,2,28078,Huntersville,36,,98.9,,1,0,0,0,0,0,0,0,1,0,0,0,,1,,1,,2,,3,1,2,2,3,3,3,1,3,0,2,2,3,2.666666667,5,5,3,6,7,1,6,4,4,6,5,3,4,2,6,4.5,4.5,4.5,2.5,6,0,0,0,0,0,0,1,0,0,0,1,0,0,0,0,0,2,2,1,2,2,2,1,1,1.571428571,2,4,4,4,4,3.6,0,0,1,0,1,0,1,0,0,0,2,1,0,2,2,2,0,0,1,1,1,0.3,1.1,5,5,1,5,5,5,5,1,4.333333333,5,5,5,5,5,4,4,5,4,5,5,5,4,5,4,5,5,4.25,5,4.5,4.6875,1,1,1,1,1,1,1,1,2,2,1,1,1,1,1,1,2,1.176470588,4,4,1,2,3,4,0,4,2,4,1,2,4,0,5,3,1,4,1,4,1,2.25,0.6,3.285714286,3.5,4,2.571428571,2037,1,1,1,3,3,3,3,2,2,0,2,2,3,2.333333333,0,0,0,0,0,0,1,0,0,0,0,0,0,0,0,0,1,4,5,5,3,4,4.2,1,1,0,0,0,0,2,0,0,0,1,1,0,2,1,1,0,0,1,1,0.727272727,0.4,0.8,5,5,2,4,5,5,5,1,4.166666667,5,5,5,5,5,3,3,5,4,5,5,3,4,5,4,4,5,3.25,5,4.25,4.375,1,1,1,1,1,1,1,2,1,2,1,1,1,1,1,2,2,1.235294118,1,3,0,2,3,3,0,2,2,4,1,2,4,2,4,1,1,3,2,4,1,2.5,0.8,2.428571429,3,2.666666667,2.142857143,4,4,2,2,2,4,3,2,4,3.166666667,3,2,4,4,3,4,3,4,4,4,4,3,4,4,4,4,2,4,4,3,4,2,4,4,4,4,3,4,3.25,3.583333333,3.875,0,0,0,0,0,0,0,1,0,1,I began coaching a team in Asheville which shifted my perspective as I drive by the destruction every week as well as help mentor girls that live in Asheville and were directly effected. ,1,1,1
44,19,1,,0,1,1,35128,Pell City,1,,262.8,,1,0,0,1,0,0,0,0,0,0,0,0,,2,,,,1,,3,3,2,2,3,3,2,2,2,3,2,2,2,2.333333333,4,4,4,6,4,4,5,6,2,5,3,5,6,4,4,3,4.5,5.5,5,4.5,0,0,0,0,0,0,1,0,0,0,0,0,0,0,0,0,1,1,1,1,1,1,1,1,1,1,1,3,4,3,2.4,0,0,0,0,0,0,0,0,0,0,0,0,0,0,0,0,0,0,0,0,0,0,0,4,4,2,4,4,4,4,2,3.666666667,4,4,4,4,4,4,4,4,4,4,4,3,4,4,4,4,4,3.75,4,4,3.9375,3,3,3,3,3,3,3,3,3,3,3,3,3,3,3,3,3,3,,,,,,,,,,,,,,,,,,,,,,,,,,,,2044,3,3,2,2,3,3,1,3,1,4,2,2,2,2.166666667,0,0,0,0,0,1,1,0,0,0,0,0,0,0,0,0,2,3,3,3,3,3,3,0,0,0,0,0,0,0,0,0,0,0,0,0,0,0,0,0,0,0,0,0,0,0,5,5,1,5,5,5,5,1,4.333333333,4,3,5,4,3,4,4,4,4,3,3,3,3,3,3,3,4,3.75,3.25,3,3.5,1,1,1,1,1,1,1,1,1,1,1,1,1,1,1,1,1,1,3,3,3,2,2,2,2,3,3,2,2,3,2,3,2,2,3,2,2,3,3,2.25,2.6,2.571428571,2,2.666666667,2.476190476,4,2,4,4,2,4,3,2,4,3.833333333,4,4,4,4,4,4,4,4,4,4,4,4,4,4,4,4,4,4,4,4,4,4,4,4,4,4,4,4,4,4,4,0,0,0,0,0,1,0,1,1,3,No,0,1,2
51,18,1,,0,1,1,28034,Dallas ,36,,84.8,,1,0,0,0,0,1,0,0,0,0,0,0,,1,,1,,1,,1,1,2,2,2,2,3,3,1,2,3,1,1,1.333333333,1,6,2,6,7,1,5,7,1,6,3,5,4,4,4,1,4,5.5,2.5,4.5,0,0,0,0,1,0,1,0,0,0,0,0,0,0,0,0,2,2,2,2,2,2,1,1,1.714285714,4,3,4,3,4,3.6,1,0,0,2,1,0,0,0,0,0,0,0,0,1,0,0,0,0,0,0,0.090909091,0.4,0.1,4,4,2,4,4,4,3,3,3.833333333,4,4,3,3,4,3,2,2,3,4,3,2,4,3,3,2,2.75,2.5,4,3,3.0625,1,1,1,1,1,1,1,1,1,1,2,1,3,2,3,2,1,1.411764706,1,1,0,0,0,0,0,0,3,3,1,1,2,1,3,3,0,0,3,3,1,1.75,0.4,1.857142857,0,1.333333333,1.238095238,2051,1,2,3,1,2,2,3,3,1,2,3,1,2,1.333333333,0,0,0,0,1,0,1,0,0,0,0,0,0,0,1,0,3,5,3,3,3,3,3.4,1,0,0,0,0,0,0,0,0,0,0,0,0,0,0,0,0,0,0,0,0,0.1,0,4,4,2,4,4,4,4,2,3.666666667,3,3,4,3,4,3,2,3,2,4,3,2,4,3,4,2,3.25,2.25,3.5,3.25,3.0625,1,1,1,1,1,1,1,1,1,1,1,1,2,1,1,2,1,1.117647059,0,1,0,0,0,0,0,1,2,2,3,3,3,,3,3,0,0,1,1,1,1.5,0.75,1.571428571,0,1.333333333,1.2,2,4,2,2,4,2,3,4,2,2.166666667,3,4,4,4,4,4,4,4,4,4,4,4,4,4,4,4,4,4,3,4,4,4,4,4,4,4,4,4,4,4,3.75,1,0,0,0,0,1,0,0,0,2,,0,1,1
56,19,1,,0,1,1,27302,Mebane,36,,184.2,,1,0,0,1,0,0,0,0,0,0,0,0,,2,,1,,1,,3,3,2,2,3,4,3,1,3,3,0,4,3,3,5,1,7,6,3,5,7,6,2,7,5,3,6,1,7,3.5,7,4.5,5.5,7,0,1,0,0,1,0,1,0,0,0,0,0,0,0,0,0,3,1,3,1,1,1,1,2,1.428571429,1,4,5,2,4,3.2,0,0,0,0,0,0,0,0,0,0,2,0,1,2,0,0,1,1,0,1,0.727272727,0,0.8,5,5,1,5,5,5,5,1,4.333333333,5,5,5,5,5,5,5,4,5,5,5,5,4,5,5,4,4.75,5,5,4.5,4.8125,1,1,1,1,1,1,1,1,1,1,1,1,1,1,4,1,1,1.176470588,3,3,4,2,3,4,3,3,1,5,5,5,5,5,5,5,3,3,3,5,5,3.75,4,4,3,3.666666667,3.80952381,2056,2,3,1,3,4,4,4,1,3,3,0,4,3,3.166666667,0,1,0,0,0,0,1,0,0,0,1,0,0,0,0,0,3,4,4,3,1,4,3.2,2,2,0,0,0,0,0,1,2,1,3,1,1,2,2,2,3,1,1,2,1.727272727,0.8,1.8,5,4,2,4,5,5,5,1,4,5,4,5,5,5,5,5,5,5,4,5,5,5,4,4,5,5,5,4.5,4.5,4.75,1,1,1,2,1,2,2,2,1,1,1,2,1,2,2,1,1,1.411764706,3,5,4,5,5,5,3,5,4,5,5,5,5,4,4,3,3,5,5,5,5,5,3.8,4.428571429,5,4.333333333,4.428571429,5,1,5,4,2,4,4,1,5,4.5,1,1,2,3,1,1,1,3,4,1,3,1,3,2,1,4,2,4,3,1,3,1,1,1,1,4,1,4,1.25,2.333333333,2.5,0,1,0,0,0,0,0,1,1,3,Having to help family in this area but nothing directly affecting me. Just the emotions of my family having a little struggle,1,3,3
57,21,2,,1,1,1,,Kolding,,Denmark,4298.7,,1,0,0,0,0,0,0,0,1,0,0,0,,1,,1,,1,,1,2,2,2,4,4,3,3,1,4,1,3,3,2.333333333,7,5,3,6,2,6,6,1,7,6,1,7,6,6,2,7,4.5,6.5,6,4,0,0,0,0,0,0,1,0,0,0,0,0,0,0,0,0,1,1,1,1,1,1,1,1,1,1,3,4,2,4,2.8,0,0,0,0,0,0,0,0,0,0,0,0,0,2,1,0,0,0,0,2,0.454545455,0,0.5,5,4,1,5,4,5,5,1,4,4,4,4,5,4,4,4,4,5,4,4,4,5,4,5,4,4.25,4.25,4,4.5,4.25,1,1,1,1,1,1,1,1,1,1,1,1,1,1,1,1,1,1,1,4,0,3,0,3,0,2,0,3,3,2,2,0,2,1,0,0,1,5,3,2.25,0.6,2.285714286,0,2.333333333,1.666666667,2057,3,4,2,2,2,4,3,1,3,4,1,3,3,2.666666667,0,0,0,0,0,0,1,0,0,0,0,0,0,0,0,0,1,2,4,2,1,2,2.2,0,1,0,0,0,0,0,1,0,0,0,0,0,1,1,0,1,0,0,0,0.272727273,0.2,0.3,5,4,1,5,4,4,4,2,4,4,4,4,5,4,3,4,4,4,4,4,4,4,4,4,4,4.25,3.75,4,4,4,1,1,1,1,1,1,1,1,1,1,1,1,1,1,1,1,1,1,0,5,1,4,2,3,1,2,2,4,4,3,2,2,2,2,2,2,3,3,3,3.5,2,2.428571429,2,2.333333333,2.476190476,4,2,4,4,2,4,4,2,4,4,4,3,4,4,4,4,4,4,4,4,4,4,4,4,3,4,4,3,4,4,4,4,4,4,4,4,4,4,3.875,3.833333333,4,0,0,0,0,0,0,0,1,1,2,No,0,1,1
67,20,3,,0,2,,27350,Sophia,36,,150.5,,1,0,0,0,0,0,0,0,1,0,0,0,,4,,2,,1,,2,1,2,2,3,4,4,3,1,0,1,3,0,1.833333333,5,6,2,7,7,1,6,4,4,7,3,5,3,1,7,4.5,4.5,6,2,6.5,0,0,0,0,0,0,1,0,0,0,,,0,0,0,0,1,3,1,2,2,2,1,1,1.714285714,4,5,5,5,5,4.8,1,0,0,1,0,0,0,1,1,0,2,0,3,3,3,3,0,2,2,2,1.818181818,0.4,2,5,5,1,5,5,4,5,1,4.166666667,1,1,5,3,2,4,4,4,4,1,5,2,2,3,5,2,4.25,3.5,1.25,3,3,1,1,1,1,1,2,1,1,1,1,1,2,1,1,1,2,2,1.235294118,0,3,0,3,0,0,0,0,0,2,2,2,3,0,3,2,0,0,0,0,0,1.75,0.4,0.714285714,0,2,0.952380952,2067,2,1,3,1,2,3,3,3,1,1,3,1,2,1.5,0,0,0,0,0,0,1,0,0,0,0,0,0,0,0,0,1,5,4,4,3,4,4,1,0,0,0,0,0,0,0,0,0,0,0,0,0,0,0,0,1,0,0,0.090909091,0.1,0.1,5,4,1,5,4,4,4,2,4,1,4,4,3,3,3,3,3,4,1,3,2,4,1,3,2,3.25,3,2.25,2.5,2.75,1,1,4,4,3,4,2,3,2,4,2,2,1,3,1,1,3,2.411764706,0,0,0,0,0,0,0,0,0,0,0,0,0,0,0,0,0,0,0,0,0,0,0,0,0,0,0,4,3,3,3,3,3,3,3,3,3.166666667,1,1,1,1,1,1,1,1,1,1,1,1,2,1,1,1,1,1,1,3,1,1,1,1,1,1,1,1,1,1.25,1,1,0,0,0,0,1,0,1,0,3,,0,1,1
76,18,1,,1,1,1,,Dubai,,United Arab Emirates,,,1,0,0,0,0,1,0,0,0,0,0,0,,1,,9,,1,,3,3,1,3,3,3,3,2,2,1,2,2,2,2.5,5,4,4,5,5,3,5,5,3,4,2,6,3,2,6,4,4,5.5,3,5.5,0,0,0,0,1,0,1,1,0,0,0,0,0,0,0,0,3,1,1,1,1,1,1,1,1,4,3,3,4,3,3.4,0,0,0,0,0,0,0,0,0,0,0,1,0,1,1,1,1,1,1,1,0.727272727,0,0.8,4,3,1,5,4,4,4,2,3.666666667,4,4,4,4,4,4,4,4,4,2,4,4,3,3,3,3,4,4,3.5,3,3.625,1,1,1,1,1,1,1,1,1,1,1,1,1,1,1,1,1,1,0,4,0,4,0,4,0,4,0,4,0,0,4,0,4,0,0,0,4,0,0,3,0,1.714285714,0,2.666666667,1.523809524,2076,3,2,3,1,3,3,3,2,2,1,2,2,2,2.166666667,0,0,0,0,0,0,1,1,0,0,0,0,0,0,0,0,2,4,3,3,3,3,3.2,0,0,0,0,0,0,0,0,0,0,0,0,0,0,0,0,0,0,0,0,0,0,0,5,4,2,4,5,5,3,3,4.333333333,4,4,4,4,4,4,4,4,4,4,4,4,3,3,3,4,4,4,4,3.25,3.8125,1,1,1,1,1,1,1,1,1,1,1,1,1,1,1,1,1,1,4,4,1,4,4,4,4,4,4,4,4,3,4,4,4,4,4,4,4,4,4,3.75,3.4,4,4,4,3.80952381,4,4,2,4,2,4,3,3,3,3.333333333,2,2,4,4,1,4,2,4,4,2,4,2,4,2,2,4,2,4,2,2,2,2,2,2,2,4,2,4,2,2.75,3.5,0,0,0,0,0,0,0,0,1,1,No there hasn't,0,2,1
85,18,1,,0,1,1,24266,Lebanon,52,,78.7,,1,0,0,0,0,0,0,0,1,0,0,0,,2,,1,,1,,2,4,0,4,3,4,2,1,3,3,1,3,4,3.166666667,5,3,5,6,2,6,6,6,2,5,4,4,6,3,5,3.5,5,5,6,5.5,0,0,0,0,0,0,1,0,0,0,0,0,0,0,0,0,1,1,1,1,1,1,1,1,1,4,4,4,2,3,3.4,0,0,0,0,0,0,0,0,0,0,1,0,0,0,1,1,0,0,1,1,0.454545455,0,0.5,5,5,1,5,5,5,5,1,4.333333333,3,4,4,5,3,4,4,2,4,2,4,2,4,4,4,4,3.75,3.5,3,4,3.5625,1,1,2,2,1,1,1,1,1,1,1,1,1,1,1,1,1,1.117647059,3,2,3,4,1,5,1,5,4,4,3,,5,1,5,2,4,2,2,5,5,3.333333333,2.4,4.428571429,1.5,3.333333333,3.3,2085,2,4,1,3,2,4,3,1,3,3,0,4,3,2.833333333,0,0,0,0,0,0,1,0,0,0,0,0,0,0,0,0,1,4,4,4,3,3,3.6,0,0,0,0,0,0,0,0,0,0,1,1,0,3,3,2,1,0,1,2,1.272727273,0,1.4,5,5,1,5,5,5,5,1,4.333333333,3,2,3,4,2,4,4,3,4,4,5,4,4,4,4,4,3.75,4,2.75,4,3.625,1,1,1,1,1,1,1,1,1,1,1,1,1,1,1,1,1,1,3,4,2,4,2,3,1,4,0,3,2,1,4,0,5,3,1,1,2,5,4,2.5,1.2,3.428571429,1.5,3.666666667,2.571428571,4,2,4,4,2,4,4,2,4,4,2,3,4,4,4,4,2,4,4,4,4,2,4,1,3,4,2,4,3,1,3,3,4,2,3,4,3,4,2.625,3.25,3.625,0,0,0,0,0,0,0,1,1,2,"Day to day life has not changed significantly for me, but constantly seeing the destruction in surrounding areas is quite heavy. ",1,1,1
86,20,3,,0,2,1,28790,Zirconia,36,,41.1,,1,0,0,0,0,0,0,0,1,0,0,0,,2,,1,,1,,3,3,2,2,3,3,3,2,2,1,3,1,2,2.166666667,2,3,5,5,4,4,4,6,2,5,3,5,4,3,5,2,5,5,4,4.5,0,1,0,0,1,0,1,0,1,0,0,0,0,0,0,0,4,2,1,2,2,3,3,2,2.142857143,3,3,2,4,4,3.2,1,0,1,1,1,1,1,0,1,1,1,1,0,1,0,0,1,0,0,1,0.545454545,0.8,0.5,4,4,2,4,4,4,4,2,3.666666667,4,4,4,4,4,4,4,4,4,4,4,4,4,3,3,3,4,4,4,3.25,3.8125,2,2,2,2,1,2,1,2,2,2,2,2,1,2,2,2,2,1.823529412,3,3,3,3,3,3,2,2,2,3,3,3,3,1,4,4,4,4,3,3,3,3,2.6,3,3.5,3,2.952380952,2086,1,2,3,1,2,3,3,3,1,1,3,1,1,1.166666667,0,0,0,0,1,1,0,0,1,0,0,0,0,0,0,0,3,2,4,3,4,4,3.4,1,1,,0,1,0,2,1,1,1,2,0,0,1,2,1,2,1,1,0,1,0.888888889,1,4,3,2,4,3,4,4,2,3.333333333,4,4,4,4,4,3,4,2,4,4,3,4,4,2,3,2,3.25,3.75,4,2.75,3.4375,2,3,1,3,2,3,4,3,4,2,2,4,2,3,2,3,1,2.588235294,2,3,2,3,3,2,2,2,1,3,2,3,2,2,3,4,3,3,3,3,2,3,2.2,2.428571429,3,2.333333333,2.523809524,3,3,3,3,3,3,4,3,3,3.166666667,2,2,3,4,3,3,2,3,3,2,4,2,2,2,2,3,2,2,3,1,3,1,2,2,2,3,2,3,2,2.25,3.125,0,0,0,1,0,1,0,0,1,3,Not too significant of changes,0,1,1
97,19,2,,0,1,1,48371,Oxford,25,,485.1,,1,0,0,0,0,0,0,0,1,0,0,0,,1,,1,,1,,2,1,1,3,3,3,3,1,3,2,1,3,3,2.833333333,5,5,3,6,4,4,6,4,4,4,2,6,5,5,3,4.5,3.5,6,4.5,4.5,0,0,0,0,0,0,1,0,0,0,0,0,0,0,0,0,1,1,1,1,1,1,1,2,1.142857143,2,3,3,2,2,2.4,0,0,1,1,0,0,0,0,0,1,1,1,0,1,1,0,0,1,1,1,0.727272727,0.3,0.7,4,4,1,5,4,4,4,2,3.833333333,4,4,5,4,4,4,4,4,4,4,4,4,4,4,4,4,4.25,4,4,4,4.0625,2,1,1,2,1,1,1,1,1,1,1,1,2,1,2,1,1,1.235294118,3,3,1,3,0,3,1,2,2,4,3,3,3,2,3,3,3,0,3,3,3,3.25,2,2.714285714,0,3,2.428571429,2097,2,1,1,3,3,4,3,1,3,2,1,3,0,2.333333333,0,0,0,0,0,0,1,0,0,0,0,0,0,0,0,0,1,3,2,3,2,4,2.8,1,1,0,0,1,0,1,1,0,0,2,1,0,1,1,1,1,1,1,1,0.909090909,0.5,1,5,5,1,5,5,5,5,1,4.333333333,5,5,5,5,5,5,5,5,5,5,5,5,5,5,5,5,5,5,5,5,5,1,1,1,2,1,1,1,2,1,1,1,1,1,1,1,1,1,1.117647059,2,4,1,4,0,4,1,4,4,4,4,4,5,1,4,3,3,0,4,4,2,4,2,3.571428571,0,3.666666667,2.952380952,4,2,4,3,2,4,3,2,4,3.666666667,2,3,3,4,1,4,3,4,4,2,4,1,4,4,2,4,2,4,4,4,3,4,3,3,4,4,4,4,2.75,3.416666667,3.625,0,0,0,0,0,1,0,1,1,3,"I believe since hurricane Helene I have become more appreciative of the world, people around me and opportunities I have in life.  It was very eye opening to see how much damage it caused and hurt it brought to the world.  However, it was also eye opening in the sense that communities came together to help each other through the hard times.",1,1,1
99,19,2,,0,1,1,27704,Durham,36,,204.6,,1,0,0,0,0,0,0,0,1,0,0,0,,1,,1,,1,,2,3,2,2,3,4,3,1,3,1,2,2,3,2.5,7,6,2,5,4,4,5,5,3,7,5,3,6,3,5,5,4.5,4,5,5,0,0,0,0,0,0,1,0,0,0,0,0,0,0,0,0,1,2,1,1,1,2,1,2,1.428571429,1,4,3,4,1,2.6,0,0,0,0,0,1,1,0,0,0,0,1,0,0,1,1,0,1,0,1,0.454545455,0.2,0.5,5,5,1,5,5,5,5,1,4.333333333,5,5,4,3,5,5,3,3,5,5,4,5,5,5,5,5,3.5,4.5,5,5,4.5,2,1,1,1,1,2,1,1,1,1,1,1,1,1,1,1,1,1.117647059,1,3,1,1,1,1,0,1,1,1,1,1,1,1,1,1,1,1,1,1,1,1,0.8,1,1,1.666666667,1.047619048,2099,3,3,2,2,3,3,3,2,2,2,3,1,2,2.166666667,0,0,0,0,0,0,1,0,0,0,0,0,0,0,1,0,2,3,2,2,4,4,3,0,0,1,1,0,1,1,0,0,0,0,0,0,0,0,0,1,0,0,1,0.181818182,0.4,0.2,5,5,2,4,4,4,5,1,3.833333333,5,5,3,3,5,4,4,3,4,5,3,4,4,4,4,4,3,4,5,4,4,1,1,2,1,1,1,2,1,1,1,1,1,1,1,1,2,2,1.235294118,0,2,0,2,0,3,0,2,0,2,0,2,3,0,2,3,0,2,3,3,2,2.25,0,2.142857143,1,1.666666667,1.476190476,4,3,3,4,2,4,3,3,3,3.5,2,4,4,4,2,4,4,4,4,3,4,4,4,4,2,4,4,3,3,4,4,3,3,2,4,4,3,4,3.75,3.25,3.625,0,0,0,1,0,0,0,1,0,2,"No, I just feel it brought my friends and I closer. ",1,2,3
106,18,1,,0,1,1,27295,Lexington,36,,128.3,,1,0,0,1,0,0,0,0,0,0,0,0,,1,,1,,1,,1,1,,4,,4,4,2,2,0,2,2,4,2.6,1,3,5,3,6,2,5,6,2,4,1,7,3,4,4,1.5,4.5,5,2.5,4.5,0,0,0,0,0,0,1,0,0,0,0,0,0,0,0,1,2,3,5,1,1,3,1,1,2.142857143,1,4,5,3,5,3.6,0,0,0,0,1,0,0,0,0,0,0,0,0,0,0,3,0,0,0,3,0.545454545,0.1,0.6,5,5,1,5,5,5,5,1,4.333333333,5,5,5,5,5,5,5,5,5,5,5,4,5,1,4,1,5,4.75,5,2.75,4.375,1,1,1,5,5,5,5,4,5,5,5,5,5,5,5,1,1,3.764705882,5,5,0,5,5,5,5,0,0,5,5,5,5,5,5,5,5,5,5,5,5,5,4,3.571428571,5,5,4.285714286,2106,3,0,2,2,3,4,4,1,3,0,2,2,2,2.5,0,0,0,1,0,0,1,0,0,0,1,0,0,0,1,1,5,1,5,5,4,5,4,1,2,0,1,0,0,0,0,1,0,2,1,0,0,2,0,0,0,0,0,0.454545455,0.5,0.5,5,5,5,1,5,5,5,1,3.666666667,3,3,4,4,3,1,1,4,1,3,1,1,3,1,2,1,3.25,1,3,1.75,2.25,1,1,1,1,4,1,1,1,4,4,1,1,1,1,1,4,1,1.705882353,,5,1,5,5,5,5,1,0,4,4,4,5,5,5,2,1,4,5,5,5,4.5,3.2,3.285714286,4.5,5,3.8,4,2,4,4,4,2,4,4,2,3.333333333,2,3,1,4,4,4,4,4,4,4,4,4,1,4,4,3,1,1,1,1,4,1,4,4,4,4,1,4,3.5,2.75,2.875,0,0,0,0,0,1,0,1,0,2,None.,0,2,2
110,20,3,,0,1,1,28602,Hickory ,36,,68.6,,1,0,0,0,0,1,0,0,0,0,0,0,,1,,1,,1,,2,3,1,3,3,1,4,1,3,2,0,4,3,3,1,2,6,7,5,3,7,7,1,6,2,6,5,4,4,1,6,6.5,4,5.5,0,0,0,0,0,0,1,0,0,0,0,0,0,0,0,0,1,1,2,2,4,3,2,2,2.285714286,3,5,5,5,5,4.6,2,2,0,0,0,0,0,2,3,1,3,3,3,3,0,0,0,0,0,2,1.363636364,1,1.4,5,5,1,5,5,5,5,1,4.333333333,5,5,5,5,5,5,2,5,2,5,5,2,5,3,5,2,5,2.75,5,3.75,4.125,3,2,1,1,1,1,1,1,1,1,1,1,1,1,1,1,1,1.176470588,0,5,0,4,5,1,0,0,0,5,5,5,5,0,5,0,4,5,,5,1,4.666666667,1.8,1.714285714,5,3.333333333,2.75,2110,2,4,1,3,4,2,4,0,4,2,0,4,1,3,0,0,0,0,1,0,1,0,0,0,0,0,0,0,0,0,2,2,5,5,5,5,4.4,3,1,0,0,0,0,0,2,2,0,0,0,2,3,3,0,0,0,3,2,1.181818182,0.8,1.3,5,5,1,5,5,5,5,1,4.333333333,5,5,5,4,5,1,1,3,1,5,5,1,4,4,5,1,4.25,1,5,3.5,3.4375,1,1,1,2,1,1,3,1,1,1,1,1,1,1,1,3,3,1.411764706,0,5,0,0,0,0,0,0,0,5,0,5,5,0,0,0,0,0,0,0,0,2.5,0,0,0,3.333333333,0.952380952,4,1,5,5,2,4,2,2,4,4,4,1,4,4,4,4,4,4,4,3,4,1,4,4,2,4,1,4,4,1,4,1,4,1,4,4,1,4,2.75,2.833333333,4,0,0,0,0,0,1,0,0,1,2,I have taken natural disasters more seriously because they happened in my community. Experiencing an event that was not expected to reach so far in-land changes one's perspective.,1,2,1
119,21,4,,0,1,1,28117,Mooresville,36,,98.4,,1,0,0,0,0,0,0,0,1,0,0,0,,1,,6,,1,,1,1,2,2,0,3,1,3,1,0,3,1,2,1.166666667,5,5,3,6,6,2,5,5,3,7,2,6,2,3,5,4,5,6,2,5,0,0,0,0,0,0,1,0,0,0,0,0,0,0,0,1,2,2,2,3,1,2,2,2,2,2,3,3,3,3,2.8,0,1,1,1,1,1,1,0,1,0,1,2,0,2,2,2,1,0,1,2,1.181818182,0.7,1.3,2,3,4,2,2,4,3,3,2.666666667,1,2,3,2,2,2,4,2,4,1,4,4,4,3,4,4,2.75,3.5,1.5,3.75,2.875,1,2,1,2,1,1,2,2,1,2,1,2,1,1,1,2,1,1.411764706,2,3,0,0,0,2,0,1,0,2,1,2,1,0,3,0,3,0,0,0,0,1,0.8,0.857142857,0,2,0.952380952,2119,1,1,2,2,0,3,1,3,1,1,3,1,2,1.166666667,0,0,0,1,0,0,1,0,0,0,0,0,0,0,0,0,2,2,2,1,1,2,1.6,0,0,0,0,0,0,0,0,0,0,1,1,0,1,1,2,2,0,0,1,0.818181818,0,0.9,3,3,5,1,3,4,3,3,2.833333333,2,3,4,1,2,4,4,1,4,1,4,4,4,3,4,3,2.5,4,2,3.5,3,1,1,1,1,1,1,1,1,1,1,1,1,1,1,1,1,1,1,1,2,0,0,0,2,0,0,0,1,0,0,0,0,2,0,0,0,0,0,0,0.25,0,0.571428571,0,1,0.380952381,2,4,2,2,5,1,2,4,2,1.833333333,4,4,4,4,3,3,4,4,4,4,4,4,4,4,4,4,4,4,4,4,4,4,4,4,4,4,4,4,4,3.916666667,3.875,0,0,0,0,0,0,1,1,1,3,"Not especially, but we did experience some catch-up in coursework that was delayed by the hurricane. For continual classes that build on each other, there has been some delays in planned coursework.",1,1,1
123,20,3,,0,2,2,28754,MARS HILL,36,,0.2,,1,1,0,0,0,0,0,0,1,0,0,0,,1,,1,,4,,1,1,4,0,2,2,3,3,1,0,2,2,2,1.333333333,2,4,4,5,7,1,5,6,2,7,3,5,1,5,3,2,5.5,5,1,4,0,1,0,1,0,0,1,0,1,0,1,0,0,0,0,1,6,2,2,1,1,2,1,2,1.571428571,4,4,4,4,4,4,0,0,1,0,0,0,1,1,1,0,2,1,0,2,1,2,1,0,0,1,0.909090909,0.4,1,4,5,2,4,4,5,4,2,4,5,5,3,3,5,3,4,2,3,5,3,3,3,3,3,2,2.75,3.25,5,2.75,3.4375,2,1,2,4,3,2,1,3,3,3,3,2,3,4,5,5,4,2.941176471,2,1,0,2,2,0,0,0,0,0,1,0,0,0,2,1,1,2,0,2,0,0.5,0.4,0.714285714,2,1,0.761904762,2123,1,1,4,0,2,2,3,3,1,1,3,1,1,1,0,1,0,1,0,0,1,0,1,0,1,0,0,0,1,1,7,4,4,4,3,4,3.8,1,1,1,1,1,1,1,1,1,1,2,1,1,2,1,2,2,1,1,1,1.363636364,1,1.4,4,4,2,4,4,4,3,3,3.833333333,5,4,4,3,4,3,2,3,2,4,3,2,3,3,2,2,3.25,2.25,4.25,2.5,3.0625,2,3,2,3,4,4,2,4,5,5,3,2,5,5,5,5,5,3.764705882,3,3,1,2,2,1,1,0,1,1,3,2,1,0,3,3,2,2,1,1,0,1.5,1.4,1.285714286,2,2.333333333,1.571428571,3,4,2,2,3,3,2,3,3,2.5,1,2,3,4,3,3,3,3,3,3,4,2,2,3,2,3,2,3,3,3,3,2,3,2,2,3,2,3,2.5,2.583333333,3,0,1,1,0,1,1,1,1,0,6,No,0,1,1
125,19,5,Freshman but am a junior with credits ,0,2,1,28645,Lenoir ,36,,57.3,,1,0,0,0,0,1,0,0,1,0,0,0,,1,,4,,1,,3,0,1,3,4,4,3,3,1,3,1,3,3,2.833333333,3,5,3,6,7,1,5,7,1,7,1,7,5,2,6,2,5,6.5,3,5.5,0,1,0,0,1,0,1,1,0,0,1,0,0,0,1,0,6,5,3,4,5,5,5,5,4.571428571,3,4,4,4,4,3.8,3,3,2,1,2,1,1,1,1,2,3,2,1,3,1,3,0,1,1,2,1.727272727,1.7,1.7,5,5,1,5,5,5,5,1,4.333333333,4,2,5,3,4,4,2,2,4,4,2,2,4,4,5,4,3,3,3.5,4.25,3.4375,3,1,2,5,,4,4,4,1,2,1,3,3,3,4,5,4,3.0625,4,5,4,5,4,3,2,3,1,4,4,5,5,5,4,2,3,3,5,4,3,4.75,3.6,2.857142857,3.5,4.666666667,3.714285714,2125,4,1,1,3,3,4,4,0,4,1,0,4,3,3.5,0,1,0,0,0,0,1,1,0,1,1,0,0,0,1,0,6,,,,,,,,,,,,,,,,,,,,,,,,,,,,,,,,,,,,,,,,,,,,,,,,,,,,,,,,,,,,,,,,,,,,,,,,,,,,,,,,,,,,,,,,,,,,,,,,,,,,,,,,,5,3,3,4,4,2,4,4,2,3.333333333,,,,,,,,,,,,,,,,,,,,,,,,,,,,,,,,1,0,0,0,0,0,1,1,1,4,Being more conscious of how bad hurricanes can be and hearing the stories of who was affected.,1,2,1
127,21,4,,0,1,1,33981,Port Charlotte,11,,611.1,,1,0,0,0,0,0,0,0,1,0,0,0,,1,,1,,1,,1,2,3,1,2,4,3,2,2,1,1,3,2,1.833333333,4,2,6,4,6,2,7,5,3,7,4,4,3,1,7,3.5,6.5,4,2.5,7,0,1,0,1,1,0,1,1,0,0,1,0,0,0,1,1,8,5,3,3,4,5,5,5,4.285714286,4,4,5,5,5,4.6,3,3,3,3,3,2,2,3,3,2,1,3,0,3,3,3,3,3,1,3,2.272727273,2.7,2.3,4,5,1,5,5,5,5,1,4.166666667,5,5,5,5,5,5,5,4,5,5,5,5,4,4,5,5,4.75,5,5,4.5,4.8125,4,4,4,4,3,2,5,1,3,3,1,1,2,1,4,4,4,2.941176471,3,5,2,2,5,5,1,4,2,1,5,1,5,1,4,4,4,5,3,4,5,1.75,2.6,4,5,4.333333333,3.380952381,2127,2,1,1,3,1,4,4,1,3,1,0,4,3,2.666666667,0,1,0,1,1,0,1,1,1,0,0,1,0,0,1,1,9,5,5,4,5,5,4.8,3,2,1,2,2,3,3,3,3,3,3,3,1,3,3,1,1,3,3,3,2.454545455,2.5,2.4,5,5,2,4,5,5,5,1,4.166666667,5,5,5,4,5,4,4,4,5,5,3,5,5,5,5,5,4,4.5,5,5,4.625,2,3,4,4,5,5,5,1,3,4,1,1,5,2,2,5,5,3.352941176,2,5,2,3,3,5,0,5,1,2,5,0,5,0,4,4,5,3,5,5,5,2.5,2.4,4.142857143,3,4,3.285714286,2,4,2,3,4,2,2,4,2,2.166666667,1,2,2,3,1,3,2,4,4,1,3,3,1,3,1,4,4,4,1,1,1,2,1,1,1,4,2,4,2.125,2.166666667,2.625,1,0,0,0,0,0,0,1,1,3,"Yes, we are considering moving to a different location because my town gets destroyed about every year",1,1,1
130,18,1,,1,1,1,3707CM,Zeist,,The Netherlands ,4231.7,,1,0,0,0,0,0,0,0,1,0,0,0,,1,,1,,1,,3,4,3,1,2,3,3,1,3,4,1,3,3,2.5,5,2,6,6,1,7,6,5,3,5,2,6,7,2,6,4,5.5,6,7,6,0,0,0,0,0,0,1,0,0,0,0,0,0,0,0,0,1,1,1,1,1,1,1,1,1,1,1,1,1,1,1,0,0,0,0,0,0,0,0,0,0,2,0,0,1,1,0,0,0,0,0,0.363636364,0,0.4,4,4,1,5,5,4,4,2,4,3,3,5,5,3,3,4,5,4,3,5,5,3,4,4,4,5,4,3,3.75,3.9375,1,1,1,1,1,1,1,1,1,1,1,1,1,1,1,1,1,1,0,0,0,1,0,0,0,0,0,0,1,2,0,0,2,0,1,0,0,0,0,0.75,0.4,0.285714286,0,0,0.333333333,2130,2,3,1,3,3,3,3,2,2,4,2,2,3,2.5,0,0,0,0,0,0,1,0,0,0,0,0,0,0,0,0,1,2,1,1,2,2,1.6,0,0,0,0,0,0,0,0,0,0,0,0,0,1,0,0,0,0,0,0,0.090909091,0,0.1,5,4,1,5,5,5,4,2,4.333333333,3,3,5,5,3,4,3,5,3,3,5,2,3,4,4,4,5,3,3,3.75,3.6875,1,1,1,1,1,1,1,1,1,1,1,1,1,1,1,1,1,1,0,0,0,0,0,3,0,0,0,3,3,0,0,0,0,0,0,0,0,0,0,0.75,0.6,0.428571429,0,0,0.428571429,4,2,4,5,2,4,4,2,4,4.166666667,4,4,4,4,3,4,4,4,4,4,4,4,4,4,4,4,4,2,4,4,4,4,4,1,4,4,4,3,4,3.416666667,4,0,0,0,0,0,0,0,0,0,0,No,0,1,1
132,20,6,,0,2,1,28711,Montreat,36,,19,,1,0,0,0,0,0,0,0,1,0,0,0,,1,,1,,6,Living in a house in Montreat. Grad school online,3,1,0,4,4,3,4,0,4,4,2,2,2,3.166666667,6,2,6,7,2,6,7,4,4,5,3,5,6,3,5,5,5.5,6,6,6,0,0,0,1,0,0,1,1,1,1,1,1,0,0,0,0,7,5,4,3,3,5,2,3,3.571428571,5,2,5,5,5,4.4,1,0,0,2,2,2,3,1,2,1,3,1,0,0,0,1,1,3,3,2,1.363636364,1.4,1.4,5,5,1,5,5,5,5,1,4.333333333,4,5,5,2,5,5,3,3,3,5,5,3,5,5,5,5,3.75,3.5,4.75,5,4.25,4,2,1,3,2,5,1,1,1,1,1,1,2,1,2,3,3,2,0,5,0,0,5,0,5,0,0,5,5,5,5,0,5,0,0,5,0,5,0,2.5,2,1.428571429,5,3.333333333,2.380952381,2132,2,3,0,4,4,4,4,0,4,4,1,3,4,3.5,0,0,0,1,1,0,1,1,1,1,0,1,0,0,1,0,8,3,1,5,2,1,2.4,3,1,1,1,1,2,2,1,3,3,3,1,0,2,2,2,2,3,2,0,1.818181818,1.8,1.7,5,5,1,5,5,5,5,1,4.333333333,5,5,5,2,5,3,5,3,5,5,3,4,5,5,5,5,3.25,4.25,5,5,4.375,3,3,2,2,2,2,2,1,1,1,1,1,2,1,1,2,2,1.705882353,3,3,3,3,3,3,3,3,3,4,3,3,4,4,5,3,3,3,3,3,3,3.25,3.2,3.285714286,3,3.333333333,3.238095238,3,4,2,1,4,2,4,2,4,2.666666667,4,1,1,4,2,4,4,4,4,2,4,4,4,4,4,4,1,4,3,1,1,1,1,1,1,4,1,4,2.25,2.583333333,3.5,0,1,1,1,1,1,0,1,1,7,not too much to note. I think that my career trajectory has evolved into a stronger desire to help those who fall below the poverty line - specifically because I am in a space where I fall drastically below the poverty line now. ,1,1,1
138,18,1,,0,1,1,28754,Mars Hill,36,,0.2,,1,0,0,0,0,0,0,0,1,0,0,0,,1,,1,,1,,2,1,3,1,3,2,4,1,3,0,1,3,3,2.5,5,2,6,6,5,3,3,6,2,5,2,6,5,5,3,3.5,5.5,6,4,3,0,0,0,0,0,0,1,0,0,0,1,0,0,0,1,0,3,2,1,3,3,3,2,2,2.285714286,2,4,3,2,4,3,1,1,0,0,1,0,0,1,0,0,1,0,1,2,1,1,0,1,1,2,0.909090909,0.4,1,5,5,2,4,5,5,5,1,4.166666667,4,4,5,4,4,3,3,4,4,4,4,4,4,4,4,4,4.25,3.5,4,4,3.9375,1,1,1,1,1,1,1,1,1,1,1,1,1,1,2,2,1,1.117647059,1,3,3,2,4,3,0,3,2,2,3,3,3,2,3,1,2,4,3,5,1,2.5,2,2.571428571,4,2.333333333,2.523809524,2138,2,1,2,2,2,3,3,2,2,1,2,2,3,2.166666667,0,0,0,0,0,0,1,0,0,0,1,0,0,0,1,0,3,4,4,4,4,5,4.2,2,1,0,0,0,0,1,1,0,0,2,2,1,2,0,1,1,1,0,2,1.090909091,0.5,1.2,5,5,2,4,5,5,5,1,4.166666667,3,3,5,4,3,4,4,4,4,3,4,4,4,4,3,4,4.25,4,3,3.75,3.75,1,1,1,1,1,1,1,1,1,1,1,1,1,,,2,2,1.133333333,2,4,0,2,4,4,0,3,1,3,3,2,3,4,5,2,2,,4,5,2,2.75,1.8,3.142857143,4,3,2.75,3,4,2,2,4,2,3,3,3,2.5,2,2,3,4,3,3,2,4,4,2,4,1,2,2,2,2,1,3,2,1,3,1,3,1,1,4,1,4,1.75,2.416666667,3,0,0,0,0,0,1,1,1,1,4,,0,1,1
141,18,1,,0,1,1,28105,Matthews,36,,113.8,,1,0,0,0,0,0,0,0,1,0,0,0,,1,,4,,1,,1,3,3,1,2,4,,1,3,3,2,2,3,2,7,2,6,5,3,5,7,3,5,6,5,3,5,3,5,6,6,4,5,6,0,0,0,0,0,0,1,0,0,0,0,0,0,0,0,0,1,2,1,1,1,1,1,1,1.142857143,3,3,3,3,4,3.2,0,0,0,0,0,0,0,0,0,0,0,0,0,0,1,1,1,0,1,1,0.454545455,0,0.5,5,5,2,4,5,5,5,1,4.166666667,5,5,5,4,5,5,5,5,5,5,5,5,4,4,4,4,4.75,5,5,4,4.6875,1,1,1,1,1,1,1,1,2,1,1,1,1,1,1,1,1,1.058823529,1,3,0,1,0,2,0,5,0,1,1,1,2,0,3,3,2,0,1,4,1,1,0.6,2.571428571,0,2,1.476190476,2141,1,3,2,2,3,4,2,1,3,2,1,3,3,2.5,0,0,0,1,0,0,1,0,0,0,0,0,0,0,0,0,2,4,4,4,5,4,4.2,0,0,0,0,0,0,1,0,0,0,2,0,0,1,1,1,1,1,1,1,0.818181818,0.1,0.9,5,5,1,5,5,5,5,1,4.333333333,5,5,5,5,5,5,5,4,5,5,5,5,4,5,4,5,4.75,5,5,4.5,4.8125,,,,,,,,,,,,,,,,,,,,,,,,,,,,,,,,,,,,,,,,,,,,,,3,4,2,2,2,4,4,2,4,3.166666667,,,,,,,,,,,,,,,,,,,,,,,,,,,,,,,,0,0,0,0,0,0,0,1,0,1,The Waffle House got shut down as a result of the sinkhole and that made me really sad.,1,1,2
144,18,1,,0,1,1,29803,Aiken,45,,164.2,,1,0,0,0,0,0,0,0,1,0,0,0,,1,,2,,1,,1,1,3,1,2,3,4,2,2,1,2,2,2,1.666666667,5,1,7,7,7,1,6,5,3,7,1,7,5,4,4,4,7,7,3,5,0,0,0,1,0,0,0,0,0,0,0,0,0,0,1,1,3,1,4,1,1,1,1,1,1.428571429,2,4,3,4,4,3.4,0,0,0,0,0,0,0,0,0,0,0,0,0,0,0,0,0,0,0,0,0,0,0,3,2,3,3,3,3,3,3,2.833333333,3,3,3,3,4,4,3,2,3,4,2,3,4,3,3,3,2.5,3.25,3.5,3.25,3.125,1,1,,1,4,2,3,1,5,5,5,4,5,4,3,3,4,3.1875,2,2,2,4,2,0,0,2,0,4,1,2,1,2,5,4,2,2,3,1,0,3.25,1.4,1.714285714,2,1.666666667,1.952380952,2144,0,0,3,1,1,4,3,2,2,1,1,3,1,1.333333333,0,0,0,1,0,0,0,1,0,0,0,0,0,0,1,1,4,3,4,3,4,4,3.6,0,0,0,0,,0,1,0,0,0,2,1,0,0,0,0,0,0,0,0,0.272727273,0.111111111,0.3,4,2,3,3,2,5,5,1,2.833333333,2,2,3,3,2,5,5,1,5,2,3,5,5,3,5,4,2.5,5,2,4.25,3.4375,1,1,1,1,1,1,1,1,1,1,1,1,1,1,1,1,1,1,3,1,0,2,2,1,0,0,0,4,0,4,4,0,5,2,0,3,3,0,0,3.25,0,1.142857143,2.5,2.666666667,1.619047619,4,2,4,3,2,4,4,2,4,3.833333333,2,4,4,4,4,4,4,4,4,4,4,4,2,4,2,4,4,4,4,4,4,2,4,2,4,4,2,4,4,3.166666667,3.75,1,0,0,1,1,1,1,0,0,5,An increase in anxiety,1,1,1
161,22,4,,1,1,2,,Bad Säckingen,,Germany,4471.1,,0,0,0,0,0,0,0,0,1,0,0,0,,1,,1,,2,,3,1,3,1,2,3,3,3,1,3,2,2,3,2,4,5,3,7,3,5,5,5,3,4,2,6,5,3,5,3.5,3.5,6.5,5,5,0,0,0,0,0,0,1,0,0,0,0,0,0,0,0,0,1,2,1,1,2,2,1,2,1.571428571,2,2,2,2,2,2,1,1,1,0,1,0,0,1,0,0,1,0,0,1,1,1,1,0,0,1,0.545454545,0.5,0.6,4,4,2,4,4,4,3,3,3.833333333,4,4,3,3,4,4,4,3,4,4,3,4,4,3,4,3,3,4,4,3.5,3.625,1,1,1,1,1,1,1,1,1,2,1,1,1,1,1,1,1,1.058823529,1,3,1,1,1,1,0,0,0,3,1,1,1,0,0,1,1,1,1,0,0,1.5,0.6,0.285714286,1,1.666666667,0.857142857,2161,1,1,3,1,1,3,3,3,1,3,3,1,2,1.166666667,0,0,0,0,0,0,1,0,0,0,0,0,0,0,0,0,1,2,2,2,3,3,2.4,1,0,1,0,0,0,0,1,0,0,0,1,0,1,0,1,0,0,0,0,0.272727273,0.3,0.3,4,4,2,4,4,4,4,2,3.666666667,4,4,3,3,4,4,4,3,4,4,3,4,4,2,3,4,3,4,4,3.25,3.5625,1,1,1,1,1,1,1,1,1,1,1,1,1,1,1,1,1,1,3,3,2,3,2,2,1,1,1,3,2,3,3,0,1,3,2,3,3,2,2,3,1.4,1.714285714,2.5,3,2.142857143,4,2,4,3,2,4,3,2,4,3.666666667,3,4,3,4,4,4,4,4,4,3,4,4,3,4,4,4,4,3,4,3,3,3,4,2,3,4,3,3,3.75,3.25,3.75,0,0,0,0,0,1,0,1,0,2,no,0,2,1
163,22,4,,0,1,1,27513,Cary,36,,210,,1,0,0,0,0,0,0,0,1,0,0,0,,1,,1,,1,,2,3,1,3,3,3,3,1,3,3,1,3,3,2.833333333,6,5,3,6,5,3,6,3,5,5,2,6,5,2,6,5.5,4,6,4,6,0,0,0,0,0,0,1,0,0,0,0,0,0,0,0,0,1,1,1,1,1,1,1,1,1,1,4,2,4,4,3,1,0,0,0,0,0,0,0,0,0,1,0,2,2,2,1,2,1,2,1,1.272727273,0.1,1.4,5,5,1,5,5,5,5,1,4.333333333,5,5,5,5,5,5,5,5,5,5,5,5,5,5,5,5,5,5,5,5,5,1,1,,,1,1,1,1,1,1,1,1,1,1,1,1,1,1,1,4,3,4,3,4,2,4,4,4,4,4,4,4,4,4,4,2,4,4,4,4,3.4,4,2.5,3,3.571428571,2163,2,1,2,2,3,3,3,2,2,1,1,3,3,2.5,0,0,1,0,0,0,1,0,0,0,0,0,0,0,0,0,2,4,4,4,4,4,4,2,1,0,0,0,0,0,0,0,0,1,1,1,1,2,1,0,0,1,1,0.818181818,0.3,0.9,4,4,2,4,4,4,4,2,3.666666667,4,4,4,4,4,4,4,4,4,4,4,4,4,4,4,4,4,4,4,4,4,1,1,1,1,1,1,1,1,1,1,1,1,1,1,1,1,1,1,2,4,4,4,1,4,2,4,4,4,4,4,4,4,4,4,4,0,4,4,4,4,3.6,4,0.5,3.333333333,3.476190476,4,2,4,4,2,4,3,2,4,3.833333333,3,3,4,4,2,4,2,4,4,3,4,3,4,4,3,4,3,4,4,3,4,4,4,3,3,4,4,4,3.125,3.583333333,3.875,0,0,0,0,0,1,1,1,1,4,Last semester I felt more behind in school and overwhelmed. For the most part I feel okay now.,1,1,1
165,18,1,,0,1,1,28270,Charlotte ,36,,104.4,,1,0,0,0,0,0,0,0,1,0,0,0,,1,,1,,1,,2,2,1,3,2,3,3,2,2,1,1,3,2,2.333333333,5,6,2,6,6,2,6,6,2,6,1,7,3,4,4,3.5,4,6.5,2.5,5,0,0,0,0,0,0,1,0,0,0,1,0,0,0,0,0,2,1,2,1,1,1,1,1,1.142857143,1,3,3,3,3,2.6,0,0,0,0,0,0,0,0,0,0,0,0,0,0,0,1,0,0,0,1,0.181818182,0,0.2,4,3,2,4,4,4,4,2,3.5,4,4,4,4,4,4,4,4,4,4,4,4,4,3,4,4,4,4,4,3.75,3.9375,1,1,1,1,1,1,1,1,1,1,1,1,1,1,1,1,1,1,2,2,0,2,1,2,2,2,2,2,2,2,2,2,2,2,2,2,2,2,2,2,1.6,2,1.5,2,1.857142857,2165,2,0,3,1,1,3,3,3,1,1,3,1,1,1.166666667,0,0,0,0,0,0,1,0,0,0,1,0,0,0,0,0,2,4,3,4,4,4,3.8,0,0,0,0,0,0,0,0,0,0,0,0,1,1,1,1,0,0,0,1,0.454545455,0,0.5,3,2,4,2,4,4,3,3,3,2,2,3,3,2,3,3,3,3,3,4,4,3,2,2,2,3.25,3.25,2.25,2.25,2.75,1,1,1,1,1,1,1,1,1,1,1,1,2,2,2,2,2,1.294117647,1,1,2,1,1,1,0,1,1,1,1,1,1,1,1,1,1,1,1,1,1,1,1,1,1,1,1,3,4,2,2,4,2,2,4,2,2.166666667,2,2,4,4,3,2,4,4,4,4,4,4,4,4,4,4,4,4,4,2,4,4,4,2,4,4,4,4,3.75,3.583333333,3.5,0,0,0,0,0,0,0,1,0,1,,0,1,1
167,19,1,,1,1,1,11522,Stockholm,,Sweden,4470.8,,1,0,0,0,0,0,0,0,1,0,0,0,,1,,1,,1,,3,1,2,2,3,4,4,2,2,2,1,3,3,2.666666667,5,5,3,7,5,3,5,6,2,6,3,5,5,3,5,3.5,4.5,6,4,5,0,0,0,0,0,0,1,1,0,0,0,0,0,0,0,0,2,2,2,1,1,1,1,1,1.285714286,3,3,3,3,3,3,0,0,0,0,0,0,1,0,0,0,0,0,0,0,0,1,0,0,0,0,0.090909091,0.1,0.1,4,4,1,5,4,4,4,2,3.833333333,4,4,4,4,4,4,4,4,4,4,4,4,4,4,4,4,4,4,4,4,4,1,1,1,1,1,1,1,1,1,1,1,1,2,1,1,1,1,1.058823529,2,3,3,3,3,3,3,3,3,3,3,3,3,3,3,3,3,3,3,3,3,3,3,3,3,2.666666667,2.952380952,2167,3,1,2,2,2,3,3,2,2,1,1,3,3,2.5,0,0,0,0,0,0,1,1,0,0,0,0,0,0,0,0,2,2,2,2,2,4,2.4,0,0,0,0,0,0,0,0,0,0,0,0,0,1,1,1,1,0,0,0,0.363636364,0,0.4,4,4,2,4,4,4,4,2,3.666666667,4,4,4,4,4,4,4,4,4,4,4,4,4,4,4,4,4,4,4,4,4,1,1,1,1,1,1,1,1,1,1,1,1,2,1,1,1,1,1.058823529,3,3,3,3,3,3,3,3,3,3,3,3,3,3,3,3,3,1,3,3,3,3,3,3,2,3,2.904761905,4,3,3,4,2,4,4,2,4,3.833333333,2,3,2,4,2,4,4,4,4,3,4,3,4,3,3,4,2,3,2,2,3,4,3,3,3,4,4,4,3,3.333333333,3.25,0,0,0,0,0,0,0,1,0,1,I have more food and cash at home.,1,1,1
177,21,3,,0,1,2,28714,Burnsville (Pensacola),36,,15.4,,1,0,0,0,0,0,0,0,1,0,0,0,,2,,1,,4,,2,1,3,1,3,4,4,1,3,3,1,3,3,2.5,4,2,6,6,2,6,5,6,2,6,3,5,5,2,6,3,6,5.5,5.5,5.5,1,1,1,1,1,0,1,1,1,0,1,1,1,0,1,1,13,4,5,4,4,4,3,3,3.857142857,3,4,4,3,4,3.6,3,3,3,3,3,3,3,3,3,3,3,3,1,3,1,3,3,2,1,1,2.181818182,3,2.1,5,5,1,5,5,5,5,1,4.333333333,3,2,4,3,3,4,4,3,3,3,4,3,4,3,4,4,3.5,3.5,2.75,3.75,3.375,4,4,5,4,3,3,3,1,2,4,2,1,5,1,4,4,4,3.176470588,5,5,3,4,4,4,3,5,1,4,3,3,5,3,4,4,4,4,3,5,3,3.5,3.2,3.714285714,4,5,3.761904762,2177,4,3,2,2,3,4,3,1,3,3,1,3,3,3,0,1,1,1,1,0,1,1,1,0,1,1,1,0,0,0,10,3,3,3,3,3,3,2,3,3,3,2,3,2,2,2,2,3,3,1,3,3,3,3,2,2,1,2.363636364,2.4,2.4,5,5,1,5,5,5,5,1,4.333333333,2,2,4,4,2,4,4,4,4,3,4,4,4,4,3,4,4,4,2.25,3.75,3.5,2,3,3,2,3,2,1,1,1,2,2,1,3,1,2,3,2,2,5,5,4,4,3,5,4,4,1,4,4,4,5,3,5,4,3,3,3,4,2,3.75,3.6,3.571428571,3,5,3.761904762,4,2,4,3,2,4,3,2,4,3.666666667,2,2,4,4,2,3,2,4,4,2,4,2,3,3,3,4,1,2,2,1,3,1,3,1,2,4,1,3,2.125,2.333333333,3.375,0,0,0,0,0,1,1,1,1,4,,0,1,1
178,19,1,,1,1,1,83245,Östersund,,Sweden,1649.5,,1,0,0,0,0,0,0,0,1,0,0,0,,1,,1,,1,,3,1,1,3,4,3,4,2,2,2,1,3,3,3,6,5,3,6,3,5,6,2,6,5,1,7,5,2,6,6,4,6.5,5,6,0,0,0,0,0,0,1,0,1,0,0,0,0,0,0,0,2,2,1,2,1,2,1,1,1.428571429,3,2,2,4,4,3,0,0,0,0,0,0,1,0,0,0,0,1,0,1,0,2,0,1,1,2,0.727272727,0.1,0.8,5,5,1,5,5,5,5,1,4.333333333,5,5,5,5,5,5,5,5,5,5,5,5,3,4,4,3,5,5,5,3.5,4.625,1,1,1,1,1,1,1,1,3,1,1,1,1,1,1,1,1,1.117647059,4,3,0,3,0,3,0,0,2,3,1,0,3,0,0,0,3,0,0,0,3,1.5,0.8,1.142857143,0,3.333333333,1.333333333,2178,3,2,1,3,4,4,3,1,3,2,2,2,3,3,0,0,0,0,0,0,1,0,0,0,0,0,0,0,0,0,1,3,3,3,2,3,2.8,1,0,1,0,1,0,1,1,0,0,0,1,1,2,1,2,0,1,2,2,1.090909091,0.5,1.2,5,5,1,5,5,5,5,1,4.333333333,3,4,4,4,3,5,5,3,5,3,3,5,5,5,5,4,3.5,5,3.25,4.75,4.125,2,2,3,4,3,4,3,2,2,2,2,2,2,1,2,1,1,2.235294118,2,4,1,2,0,5,4,3,3,3,3,3,4,2,3,2,3,0,4,4,3,3,2.6,3.285714286,0,3.333333333,2.761904762,4,2,4,4,2,4,3,3,3,3.666666667,2,3,3,4,1,1,1,3,3,1,4,2,2,2,1,4,2,2,3,2,2,4,1,2,3,4,4,3,1.875,2.5,3,0,0,0,0,0,0,0,1,0,1,No,0,1,1
181,18,1,,0,1,1,28806,Asheville,,,15.9,,1,0,0,0,0,0,0,0,1,0,0,0,,1,,1,,1,,3,3,3,1,3,2,3,1,3,3,1,3,4,2.833333333,3,4,4,6,1,7,4,5,3,6,2,6,6,3,5,3,5,6,6.5,4.5,,1,0,1,0,0,1,0,0,1,0,0,1,0,0,0,5,2,1,1,2,2,1,3,1.714285714,2,1,2,1,2,1.6,0,0,0,0,0,0,0,0,0,0,0,0,1,0,0,0,0,0,0,0,0.090909091,0,0.1,4,4,4,2,,4,4,2,3.2,4,4,4,3,3,3,3,3,3,3,3,3,3,4,4,4,3.25,3,3.5,3.75,3.375,2,1,1,1,1,1,1,1,1,1,1,1,1,1,1,1,1,1.058823529,1,0,1,0,1,0,0,1,0,1,0,1,1,1,1,1,1,3,1,1,1,0.75,0.6,0.714285714,2,0.666666667,0.80952381,2181,3,3,3,1,3,4,2,2,2,3,2,2,3,2.333333333,0,0,0,0,1,1,1,1,0,0,0,0,1,0,1,0,6,4,3,4,4,3,3.6,2,1,0,0,1,1,1,1,1,0,1,2,1,1,1,2,0,2,2,2,1.272727273,0.8,1.4,4,3,4,2,4,3,3,3,3.166666667,4,3,4,4,4,3,4,4,3,4,3,4,3,3,4,4,3.75,3.5,3.75,3.5,3.625,4,3,2,3,3,3,4,3,3,2,3,3,4,3,3,3,4,3.117647059,4,3,4,4,2,3,2,3,3,2,3,2,3,3,2,3,2,2,3,3,2,2.75,2.8,2.714285714,2,3.333333333,2.761904762,4,4,2,5,4,2,3,4,2,3,3,3,3,3,3,2,3,3,2,3,2,2,3,2,2,2,2,4,3,3,2,2,3,3,3,2,2,2,2.625,2.5,2.625,0,0,0,0,0,1,0,1,1,3,I have realized how lucky I have it after seeing other peoples state. ,1,3,2
182,18,1,,0,1,1,37658,Hampton ,47,,38.1,,1,0,0,0,0,0,0,0,1,0,0,0,,1,,1,,1,,1,2,4,0,2,4,1,2,2,0,2,2,1,1.333333333,1,4,4,7,7,1,2,7,1,7,1,7,2,6,2,1,5.5,7,1.5,2,0,1,0,1,1,0,1,0,0,1,1,1,0,0,0,0,7,2,1,1,2,3,1,1,1.571428571,2,5,5,4,5,4.2,1,0,0,1,1,0,2,0,0,0,3,3,0,3,0,3,3,0,1,3,1.727272727,0.5,1.9,5,5,1,5,5,5,5,1,4.333333333,5,5,5,3,5,5,5,3,5,2,5,5,5,4,4,4,4,5,4.25,4.25,4.375,2,5,5,5,2,5,5,2,4,5,1,5,2,1,4,3,3,3.470588235,4,5,2,5,5,5,0,5,1,5,4,3,5,5,4,4,5,5,5,5,2,4.5,3.2,3.714285714,5,4.666666667,4,2182,1,2,3,1,1,4,2,2,2,1,1,3,2,1.666666667,0,1,0,1,1,0,1,1,1,1,1,0,0,0,0,0,8,4,5,5,5,4,4.6,2,2,2,1,2,2,1,1,1,1,2,1,1,3,0,,0,1,0,3,1.2,1.5,1.222222222,5,5,1,5,5,5,5,1,4.333333333,5,5,3,3,5,5,5,4,5,3,5,5,5,5,3,4,3.75,5,4.5,4.25,4.375,2,2,2,2,1,2,3,2,2,1,1,2,1,1,1,1,1,1.588235294,5,5,2,2,5,5,0,5,1,5,5,5,5,5,5,5,5,5,5,5,5,4.25,3.4,4.428571429,5,5,4.285714286,3,5,1,2,4,2,3,4,2,2.166666667,2,4,2,4,1,4,2,2,4,4,4,3,4,4,3,4,1,4,4,2,3,1,2,1,2,2,1,4,2.75,2.5,3.25,0,0,0,0,0,0,1,1,1,3,Biggest affect from the Hurricane was my grandparents losing their house and moving into my family's house.,1,1,1
193,22,1,,0,1,1,30134,Douglasville,12,,189.2,,1,0,0,1,0,0,0,0,0,0,0,0,,2,,6,,1,,1,2,1,3,3,3,3,1,3,3,1,3,3,2.666666667,2,1,7,7,5,3,6,7,1,7,1,7,7,2,6,1.5,7,7,5,6,0,0,0,0,0,1,1,0,0,1,0,0,0,0,0,0,3,2,1,1,1,1,1,1,1.142857143,5,5,5,4,5,4.8,0,0,0,0,0,0,2,0,0,0,2,2,0,1,1,0,2,1,1,2,1.090909091,0.2,1.2,4,4,1,5,4,4,5,1,3.666666667,5,5,4,4,5,4,4,4,4,4,4,4,5,4,5,4,4,4,4.75,4.5,4.3125,1,1,1,1,1,1,1,1,1,1,1,1,1,1,1,3,1,1.117647059,3,4,0,4,4,4,0,1,0,4,1,4,5,0,5,5,5,5,4,4,5,4,1.2,3.428571429,4.5,4,3.19047619,2193,3,2,1,3,3,2,3,2,2,1,1,3,2,2.666666667,0,0,0,0,0,1,1,0,0,1,1,0,0,0,0,0,4,4,4,5,5,5,4.6,0,0,0,0,0,0,1,0,0,0,1,1,2,2,0,0,3,1,1,1,1.090909091,0.1,1.2,4,4,1,5,5,5,5,1,4,4,4,4,4,4,4,4,4,4,4,4,4,4,4,4,3,4,4,4,3.75,3.9375,1,1,1,1,1,1,1,1,1,1,1,1,1,1,1,1,1,1,4,4,4,4,4,4,4,4,4,4,4,4,4,4,4,4,4,4,4,4,4,4,4,4,4,4,4,3,3,3,3,2,4,2,4,2,2.833333333,2,2,4,4,4,4,1,4,4,2,4,2,2,4,2,4,2,4,3,1,1,1,1,1,1,4,1,4,1.875,2.416666667,3.625,0,1,0,1,1,1,1,1,1,7,No there hasn't been.,0,1,1
195,20,1,,0,2,1,32071,Live Oak,11,,400.5,,1,0,0,0,0,0,0,0,1,0,0,0,,2,,1,,1,,0,3,3,1,3,3,2,2,2,2,2,2,2,1.666666667,4,4,4,5,4,4,4,5,3,4,2,6,4,4,4,3.5,4,5.5,4,4,0,0,0,0,0,0,1,0,0,0,0,0,0,0,0,0,1,1,1,1,1,1,1,1,1,2,1,1,1,2,1.4,0,0,0,0,0,0,0,0,0,0,0,0,0,0,0,0,0,0,0,0,0,0,0,4,4,2,4,4,4,4,2,3.666666667,4,4,4,4,4,4,4,4,4,4,4,4,4,4,4,3,4,4,4,3.75,3.9375,1,1,1,1,1,1,1,1,2,1,1,1,1,2,2,2,1,1.235294118,3,4,3,4,3,4,2,4,3,3,2,2,2,2,3,3,3,2,3,2,2,3,2.4,3,2.5,3,2.80952381,2195,0,1,3,1,3,3,4,4,0,1,3,1,2,1.166666667,0,0,0,0,0,0,0,0,0,0,0,0,0,0,0,0,0,3,2,1,1,3,2,0,0,0,0,0,0,1,0,0,0,0,0,0,0,0,0,0,0,0,0,0,0.1,0,5,4,2,4,3,4,4,2,3.666666667,4,4,5,3,2,3,3,4,3,2,4,2,3,3,3,2,4,2.75,3,2.75,3.125,1,1,1,1,1,1,1,1,1,1,1,1,1,1,1,1,1,1,0,0,0,0,2,4,0,4,4,3,2,0,0,0,2,5,5,3,0,2,2,0.75,1.4,3.285714286,2.5,0,1.80952381,3,2,4,3,3,3,3,3,3,3.166666667,3,3,4,3,3,4,1,4,4,2,3,4,1,2,4,4,3,4,4,3,4,1,2,3,1,1,2,4,2.25,2.833333333,3.625,0,0,0,0,0,1,0,1,0,2,"I don't have my truck, it was in the shop getting fixed because of the hurricane.",1,1,1
201,18,1,,0,1,1,37821,Newport,47,,37.5,,0,0,0,0,0,0,0,0,1,0,0,0,,1,,1,,1,,2,1,3,1,3,1,4,3,1,2,1,3,2,2,6,2,6,7,6,2,2,6,2,6,2,6,5,3,5,4,6,6.5,3.5,3.5,0,1,0,1,0,1,0,0,0,0,0,0,0,0,1,1,5,4,2,2,1,2,2,4,2.428571429,2,1,1,4,4,2.4,2,2,2,1,1,0,1,1,0,0,2,2,0,2,2,2,3,1,0,2,1.454545455,1,1.6,4,4,2,4,5,5,5,1,3.833333333,4,4,3,4,5,1,2,2,2,4,2,2,5,4,4,1,2.75,1.75,4.25,3.5,3.0625,2,1,2,2,2,3,3,5,5,4,4,4,2,3,4,2,2,2.941176471,3,4,2,4,2,4,2,1,1,4,4,4,5,1,4,4,4,5,4,3,4,4,2.6,3,3.5,4,3.285714286,2201,3,1,3,1,2,1,3,3,1,1,3,1,1,1.5,0,1,0,1,0,1,0,0,0,0,1,0,0,0,1,1,6,4,4,4,4,4,4,2,2,3,1,2,1,2,2,0,1,2,1,1,2,2,3,1,2,1,2,1.636363636,1.6,1.7,5,5,2,4,4,5,5,1,4,5,5,4,4,5,1,3,3,4,5,4,2,5,2,2,1,3.75,2.5,5,2.5,3.4375,2,2,3,2,4,4,4,4,5,5,2,4,4,3,5,1,3,3.352941176,2,4,1,4,3,1,4,1,4,2,5,5,2,4,4,5,5,4,4,2,5,3.75,3.8,3.142857143,3.5,2.666666667,3.380952381,2,5,1,2,5,1,2,4,2,1.666666667,2,3,4,4,2,4,2,3,4,2,4,2,2,3,2,4,2,2,1,3,3,2,2,2,4,4,2,4,2.5,2.666666667,3.25,0,0,0,0,0,0,0,0,0,0,I feel like ever since the hurricane i have been very un motivated in school and life. ,1,1,3
202,18,1,,0,1,1,28753,Marshall,36,,7.3,,0,0,0,0,0,0,0,0,1,0,0,0,,2,,1,,1,,1,4,4,0,2,3,1,3,1,3,3,1,1,1,6,2,6,4,5,3,3,4,4,6,4,4,4,2,6,5,6,4,3.5,4.5,0,0,0,1,0,0,1,1,1,0,0,0,0,1,1,1,7,4,2,3,2,2,4,3,2.857142857,5,5,5,5,5,5,1,1,2,2,1,2,2,1,1,2,2,2,0,2,0,2,2,3,1,2,1.636363636,1.5,1.6,5,5,2,4,3,5,4,2,4,4,4,4,2,4,4,4,1,4,4,2,4,3,3,3,4,2.25,4,4,3.25,3.375,2,2,2,4,3,2,2,4,4,4,4,4,2,3,5,4,2,3.117647059,3,1,1,2,0,3,0,1,0,3,1,3,2,3,3,1,1,0,0,1,0,2,1.2,1.285714286,0,2,1.380952381,2202,1,1,3,1,1,4,3,3,1,1,3,1,1,1,0,1,0,1,1,0,1,1,0,0,0,1,1,1,1,1,10,2,5,5,5,5,4.4,2,2,1,1,1,1,1,1,1,0,2,2,0,1,0,1,1,1,1,1,0.909090909,1.1,1,5,5,2,4,3,5,5,1,3.833333333,5,5,4,5,5,5,5,1,5,5,4,5,3,3,3,4,3.5,5,5,3.25,4.1875,2,2,2,2,2,2,2,2,4,3,4,5,3,3,4,3,4,2.882352941,3,1,0,1,0,3,5,4,4,3,1,2,2,3,5,2,1,0,1,3,5,1.75,2,3.714285714,0,2,2.333333333,4,2,4,4,4,2,4,3,3,3.5,2,2,4,4,2,3,2,4,3,3,4,3,1,2,2,3,1,1,1,1,3,2,1,1,1,1,2,1,1.875,1.666666667,3.125,0,0,0,1,1,0,0,1,1,4,,0,1,1
203,18,1,,0,1,1,27713,Durham,36,,204.6,,1,0,0,0,0,0,0,0,1,0,0,0,,1,,2,,1,,1,1,2,2,3,3,3,2,2,1,2,2,3,2.166666667,5,5,3,6,7,1,6,5,3,5,4,4,3,4,4,4,4,5,2,5,0,0,0,0,0,0,1,0,0,0,0,0,0,0,0,0,1,1,1,1,1,2,1,2,1.285714286,3,3,3,3,3,3,0,0,0,1,0,0,0,0,0,0,0,0,0,0,0,0,0,0,0,1,0.090909091,0.1,0.1,4,4,3,3,4,4,4,2,3.5,3,3,4,4,2,3,3,4,4,2,4,3,4,4,4,3,4,3.25,2.5,3.75,3.375,1,1,1,1,1,1,1,1,1,1,1,1,1,1,1,1,1,1,1,2,1,1,1,1,1,1,1,2,2,2,2,1,1,1,1,1,1,1,1,1.5,1.2,1,1,1.666666667,1.238095238,2203,1,1,3,1,2,3,4,3,1,1,2,2,2,1.5,0,0,0,0,0,1,0,0,0,0,1,0,0,0,0,1,3,3,4,4,4,4,3.8,2,1,1,2,2,1,1,0,2,0,0,1,0,1,2,1,1,1,1,2,0.909090909,1.2,1,4,4,2,4,5,5,5,1,3.833333333,3,2,5,4,2,3,3,3,3,2,5,4,5,4,4,2,4.25,3.25,2.25,3.75,3.375,2,1,3,3,1,2,3,3,1,2,1,1,3,2,5,4,3,2.352941176,3,3,1,3,3,3,4,2,3,5,5,5,5,3,4,4,4,5,5,5,4,4.5,3.4,3.571428571,4,3.666666667,3.761904762,3,4,2,2,3,3,2,3,3,2.5,1,2,4,4,3,3,3,4,3,3,4,2,2,3,4,3,2,1,2,2,3,2,3,3,4,4,2,1,2.75,2.5,3.125,0,1,0,0,0,0,0,1,0,2,big change not related to hurricane: death of grandfather,0,1,1
217,21,4,,0,1,1,28763,Otto,36,,71,,1,0,0,0,0,0,0,0,1,0,0,0,,1,,2,,1,,1,3,2,2,3,3,4,2,2,4,1,3,2,2.166666667,5,2,6,6,5,3,7,6,2,6,1,7,5,2,6,3.5,6,6.5,4,6.5,0,1,0,1,1,0,1,1,0,0,1,0,0,0,1,1,8,2,3,4,3,4,2,5,3.285714286,1,4,4,4,5,3.6,3,3,3,3,3,3,3,2,3,2,3,3,0,3,3,3,3,3,2,3,2.545454545,2.8,2.6,5,5,2,4,5,5,5,1,4.166666667,5,5,5,4,5,4,2,3,4,5,5,4,4,4,4,3,4.25,3.5,5,3.75,4.125,3,4,4,4,2,4,2,5,5,5,5,2,5,5,4,4,5,4,3,4,1,3,4,5,0,1,0,3,4,4,4,4,3,4,4,4,5,1,1,3.75,2.6,2.142857143,4,3.666666667,2.952380952,2217,2,3,1,3,3,4,4,2,2,3,1,3,3,2.666666667,0,0,0,1,1,0,0,0,0,0,1,0,0,0,1,0,4,4,4,4,5,5,4.4,2,1,0,1,2,2,3,1,0,1,3,3,0,2,3,3,3,1,2,3,2.181818182,1.3,2.3,5,5,1,5,5,5,5,1,4.333333333,5,5,5,5,5,5,3,4,5,5,5,5,2,3,3,4,4.75,4.5,5,3,4.3125,3,2,2,1,1,2,1,5,2,3,2,1,5,2,3,5,5,2.647058824,2,4,3,5,5,3,1,2,1,4,4,2,4,1,3,2,1,4,3,4,1,3.5,2,2.285714286,4.5,3.333333333,2.80952381,4,3,3,3,3,3,3,2,4,3.333333333,1,2,4,3,1,4,2,4,4,2,4,2,1,1,2,4,2,1,1,2,3,1,2,2,2,3,1,1,1.875,1.833333333,3.125,0,0,0,1,1,1,0,0,0,3,I got accepted into graduate school and I have experienced the hospitalization of both of my grandmothers. Neither was related to my experiences with either hurricane but had impacted my daily life. ,0,2,1
221,19,3,,0,1,1,27505,Benson,36,,197.9,,1,0,0,0,0,0,0,0,1,0,0,0,,2,,9,,1,,3,2,1,3,4,3,2,1,3,2,0,4,3,3.333333333,4,3,5,5,4,4,6,7,1,6,5,3,6,1,7,2.5,5.5,4,5,6.5,0,0,0,0,0,0,0,0,0,0,0,0,0,0,1,0,1,2,1,4,3,1,1,5,2.428571429,2,4,3,2,4,3,1,2,0,0,0,0,3,2,1,0,3,2,3,2,0,3,0,2,2,2,1.727272727,0.9,1.9,5,5,1,5,5,5,4,2,4.5,3,3,5,4,3,4,4,4,4,4,4,4,4,3,5,4,4.25,4,3.25,4,3.875,1,1,1,1,2,1,1,2,1,1,1,1,3,1,2,1,1,1.294117647,1,2,1,3,0,3,0,1,1,4,0,0,1,5,0,2,1,0,0,1,2,1.75,1.4,1.428571429,0,1.333333333,1.333333333,2221,3,3,1,3,2,3,1,1,3,2,0,4,2,2.833333333,0,0,0,0,0,0,1,0,0,0,0,0,0,0,1,0,2,3,5,4,4,5,4.2,1,0,1,0,1,0,2,1,1,0,2,2,1,2,0,2,0,1,2,2,1.272727273,0.7,1.4,5,5,1,5,5,5,4,2,4.5,3,4,5,4,2,4,4,4,4,4,4,4,4,4,5,4,4.25,4,3.25,4.25,3.9375,1,2,1,2,1,2,1,1,1,2,1,1,2,3,3,1,1,1.529411765,1,1,2,2,0,3,0,1,1,3,0,1,1,3,0,2,4,0,2,1,2,2,1.8,1.428571429,0,1,1.428571429,3,3,3,2,3,3,3,3,3,2.833333333,2,2,4,4,3,4,1,4,3,2,4,4,3,2,3,4,3,2,3,1,3,3,3,2,2,4,2,4,2.375,2.75,3.625,0,0,0,0,0,0,0,1,1,2,No.,0,1,1
223,18,1,,0,1,1,30188,Woodstock,12,,163.3,,1,0,0,0,0,0,0,0,1,0,0,0,,1,,1,,1,,1,2,1,3,3,3,3,1,3,2,1,3,3,2.666666667,5,5,3,6,5,3,6,6,2,6,3,5,4,4,4,3.5,4.5,5.5,3.5,5,0,0,0,0,0,0,1,0,0,0,0,0,0,0,0,0,1,3,1,2,1,3,2,3,2.142857143,4,4,4,2,2,3.2,0,0,1,1,0,0,1,1,1,0,1,1,0,1,2,1,2,1,0,1,0.909090909,0.5,1,5,5,2,4,5,5,5,1,4.166666667,3,4,5,4,3,5,5,4,4,3,4,5,5,4,4,4,4.25,4.75,3.25,4.25,4.125,2,1,3,2,2,1,1,1,1,3,1,1,1,1,3,1,1,1.529411765,2,3,1,3,3,3,1,3,2,3,3,3,4,3,3,3,2,4,4,4,4,3.25,2,3.142857143,3.5,3,2.904761905,2223,1,1,2,2,2,4,4,2,2,1,1,3,3,2.166666667,0,0,0,1,0,0,1,0,0,0,0,0,0,0,1,0,3,4,4,4,4,4,4,2,1,1,1,1,2,2,2,2,1,1,1,1,1,2,1,2,1,1,1,1.181818182,1.5,1.2,5,4,2,4,5,5,5,1,4,5,4,5,4,3,4,5,4,4,4,4,4,4,4,4,4,4.25,4.25,4,4,4.125,2,2,3,3,3,1,1,1,2,2,2,1,1,3,4,4,3,2.235294118,3,4,3,4,3,4,2,4,3,3,2,3,3,3,4,3,2,2,4,4,3,3.5,2.4,3.571428571,2.5,3.333333333,3.142857143,3,2,4,3,2,4,3,2,4,3.5,3,2,2,3,2,3,2,4,3,3,4,3,3,3,4,4,2,2,3,1,2,2,3,3,3,3,2,4,2.625,2.583333333,3.25,0,0,0,0,0,1,0,1,0,2,,0,1,1
232,18,1,,0,1,1,83646,Meridian,15,,1863.2,,0,0,0,0,0,0,0,0,1,0,0,0,,1,,1,,1,,1,0,2,2,3,2,4,2,2,2,2,2,3,2.166666667,5,5,3,2,4,4,6,2,6,3,5,3,4,1,7,5.5,3,2.5,4,6.5,0,0,0,0,0,1,0,1,0,1,0,0,0,0,0,1,4,2,2,2,2,1,1,2,1.714285714,1,4,2,4,2,2.6,1,1,0,0,1,0,0,0,1,0,1,1,0,0,0,0,3,0,2,1,0.727272727,0.4,0.8,5,1,2,4,5,4,5,1,3.333333333,2,4,3,1,5,1,1,3,1,5,4,1,3,1,3,3,2.75,1,4,2.5,2.5625,1,1,1,2,2,1,1,2,2,5,4,1,1,3,5,1,3,2.117647059,0,0,0,0,0,0,0,0,0,1,0,0,0,0,3,2,0,5,0,0,0,0.25,0,0.714285714,2.5,0,0.523809524,2232,1,0,2,2,3,3,4,2,2,2,1,3,4,2.5,0,0,0,1,1,1,0,1,0,1,0,0,0,0,0,0,5,4,4,5,3,5,4.2,2,1,0,1,1,0,0,1,2,0,2,1,1,1,0,0,3,1,2,2,1.181818182,0.8,1.3,5,5,1,5,5,5,5,1,4.333333333,5,5,4,4,5,3,2,3,4,5,4,3,5,3,3,2,3.75,3,5,3.25,3.75,2,1,1,2,1,3,1,2,3,4,1,1,2,1,1,4,1,1.823529412,0,3,0,0,3,1,0,2,0,2,3,4,4,0,1,3,2,3,3,2,5,2.25,1,2,3,2.333333333,1.952380952,4,3,3,2,2,4,4,3,3,3.333333333,2,3,4,4,3,4,3,4,4,3,4,4,3,4,4,4,3,4,4,3,3,2,3,2,3,4,3,4,3.25,3.25,3.75,1,0,0,0,0,1,0,1,0,3,Having to pay out of pocket for new glasses that were lost during the chaos,1,1,1
234,18,1,,0,1,1,8302,Bridgeton,33,,471.3,,1,0,0,0,0,0,0,0,1,0,0,0,,2,,1,,1,,3,3,1,3,3,3,2,1,3,2,2,2,2,2.666666667,4,4,4,5,4,4,4,6,2,5,4,4,6,5,3,3,4.5,4.5,5,3.5,0,0,0,0,0,0,1,0,0,0,0,0,0,0,0,0,1,1,1,1,1,1,1,1,1,3,3,1,2,3,2.4,0,0,0,0,0,0,0,0,0,0,0,0,0,0,0,0,0,0,0,0,0,0,0,5,4,1,5,5,5,4,2,4.333333333,5,5,4,4,5,3,3,3,5,4,4,4,4,4,4,4,3.75,3.75,4.75,4,4.0625,1,1,1,1,1,1,1,1,1,1,1,1,1,1,1,1,1,1,0,0,0,0,0,0,0,0,0,0,0,0,0,0,4,0,0,0,0,0,0,0,0,0.571428571,0,0,0.19047619,2234,2,3,1,3,2,3,2,1,3,1,2,2,2,2.333333333,0,0,0,0,0,0,1,0,0,0,0,0,0,0,0,0,1,2,3,3,3,3,2.8,1,1,0,1,1,1,2,1,2,1,2,1,1,1,0,0,2,0,1,1,0.909090909,1.1,0.9,5,4,1,5,4,5,4,2,4.166666667,3,4,5,4,4,4,3,3,4,4,4,4,4,3,4,4,4,3.75,3.75,3.75,3.8125,1,1,1,1,1,1,1,1,1,1,1,1,1,1,1,1,1,1,0,2,3,4,2,3,2,4,0,1,2,2,2,1,2,0,0,0,1,1,1,2,1.6,1.571428571,1,1.333333333,1.571428571,3,2,4,3,2,4,3,3,3,3.333333333,4,4,4,4,4,4,4,4,4,4,4,4,4,4,4,4,4,4,4,4,4,4,4,4,4,4,4,4,4,4,4,0,0,0,0,0,1,0,1,1,3,No,0,2,1
235,18,1,,0,1,1,24523,Bedford,52,,197.6,,1,0,0,0,0,0,0,0,1,0,0,0,,1,,4,,1,,1,1,1,3,3,3,3,1,3,1,1,3,2,2.5,2,3,5,6,5,3,5,6,2,5,2,6,5,3,5,2,5,6,4,5,0,0,0,0,0,0,0,0,0,0,0,0,0,0,0,0,0,2,2,2,2,2,2,3,2.142857143,2,4,4,4,4,3.6,1,1,1,1,1,1,1,1,1,1,1,1,2,2,2,2,0,1,1,2,1.363636364,1,1.4,5,4,2,4,4,5,5,1,3.833333333,5,5,4,3,5,4,4,3,4,5,4,4,4,4,4,3,3.5,4,5,3.75,4.0625,2,2,1,2,1,2,2,1,1,2,1,2,2,2,2,2,2,1.705882353,3,4,1,2,1,3,1,2,2,2,2,1,3,1,3,2,2,1,2,2,2,1.75,1.4,2.285714286,1,3.333333333,2,2235,1,1,2,2,3,3,4,2,2,1,2,2,1,1.833333333,0,0,0,0,0,0,1,0,0,0,0,0,0,0,1,0,2,3,5,5,5,5,4.6,1,1,0,1,1,1,1,0,1,1,2,1,1,1,2,2,1,1,0,1,1.181818182,0.8,1.2,5,5,3,3,4,5,5,1,3.833333333,4,5,4,2,5,4,4,3,4,5,4,4,4,4,4,3,3.25,4,4.75,3.75,3.9375,3,2,2,2,1,2,1,2,2,2,2,4,4,4,4,2,3,2.470588235,3,4,3,3,3,4,2,4,2,2,3,2,2,3,5,3,1,1,1,4,2,2,2.4,3.428571429,2,3,2.714285714,2,4,2,2,4,2,4,3,3,2.5,2,2,3,4,1,2,2,3,3,2,4,3,1,2,2,2,3,2,1,2,3,3,2,1,2,3,3,3,2.25,2.25,2.625,1,0,0,0,1,1,0,1,1,5,,0,1,1
240,20,3,,0,1,1,34953,Port St. Lucie,11,,604.7,,0,0,0,0,0,1,0,0,1,0,0,0,,1,,9,,1,,2,1,3,1,2,3,3,3,1,1,3,1,2,1.5,5,5,3,5,5,3,5,4,4,5,5,3,5,3,5,4.5,4,4,4,5,0,0,0,1,1,1,0,0,0,0,1,0,0,0,0,0,4,4,4,4,4,4,4,4,4,3,4,4,4,4,3.8,3,3,3,3,3,3,3,3,3,3,3,3,3,3,3,3,3,3,3,3,3,3,3,5,5,3,3,5,5,5,1,4,3,3,4,4,4,4,3,3,4,3,3,4,4,4,4,4,3.5,3.75,3.25,4,3.625,4,4,4,4,4,4,4,4,3,3,3,2,4,4,4,4,4,3.705882353,4,4,4,4,4,4,4,4,4,4,4,4,4,4,4,4,4,3,4,4,4,4,4,4,3.5,4,3.952380952,2240,3,2,2,2,3,2,2,2,2,2,1,3,3,2.666666667,0,0,0,1,1,0,0,0,0,0,0,1,0,0,0,0,3,4,4,4,4,4,4,3,3,3,3,3,2,2,2,1,2,3,2,1,2,2,2,2,2,1,2,1.909090909,2.4,1.9,5,5,3,3,5,5,5,1,4,3,4,4,4,4,3,3,4,3,4,3,3,4,4,4,3,3.75,3,3.75,3.75,3.5625,3,4,2,3,3,4,3,4,3,3,3,3,3,4,4,4,3,3.294117647,4,4,4,4,4,3,4,3,2,3,5,5,5,5,5,5,5,2,5,5,5,4.25,4.6,4,3,4.333333333,4.142857143,2,3,3,2,4,2,3,3,3,2.5,2,2,3,4,2,3,2,4,3,2,4,2,2,2,2,4,2,4,1,1,3,4,2,2,2,4,4,4,2,2.916666667,3.125,0,0,0,0,0,1,0,1,1,3,,0,1,1
243,22,3,,0,1,1,27320,Reidsville,36,,165.1,,1,0,0,1,0,0,0,0,0,0,0,0,,1,,1,,1,,1,2,2,2,3,4,2,3,1,1,2,2,1,1.666666667,1,3,5,3,6,2,6,7,1,7,5,3,5,1,7,1,6,3,3.5,6.5,0,0,0,0,0,1,1,0,0,0,0,0,0,0,0,0,2,2,1,3,1,3,2,2,2,2,5,1,4,1,2.6,0,2,1,2,0,0,2,2,1,0,3,3,0,3,1,2,0,0,1,3,1.454545455,1,1.6,5,5,1,5,5,5,5,1,4.333333333,5,5,5,4,5,3,4,5,5,5,4,5,5,4,4,3,4.5,4.25,5,4,4.4375,1,1,1,1,1,1,1,2,1,3,1,1,2,1,3,1,1,1.352941176,4,4,3,3,5,3,3,4,3,4,4,3,4,5,4,3,3,5,5,5,3,3.75,3.6,3.571428571,5,4,3.80952381,2243,1,2,1,3,3,4,1,2,2,1,2,2,3,2.333333333,0,0,0,0,0,1,0,0,0,0,0,0,0,0,0,0,1,4,4,5,3,4,4,2,2,1,1,0,1,1,2,1,1,3,2,0,3,1,1,1,2,2,3,1.727272727,1.2,1.8,5,5,1,5,5,5,4,2,4.5,5,5,5,5,5,5,5,5,5,5,5,5,5,4,4,3,5,5,5,4,4.75,2,1,1,1,1,1,1,1,1,1,1,1,1,1,1,1,1,1.058823529,3,5,4,4,5,4,4,4,3,4,4,4,4,4,5,5,4,5,5,5,4,4.25,4,4.285714286,5,4,4.238095238,4,4,2,2,4,2,2,4,2,2.333333333,4,3,4,4,1,4,1,4,3,2,4,2,4,2,1,4,1,4,4,1,2,1,1,1,1,4,1,4,1.625,2.25,4,1,0,0,0,0,1,1,1,0,4,Only significant changes with helping the community and regaining my mental health. My home and family were not impacted by the hurricane.,1,5,2
250,20,3,,,1,1,28105,Matthews,,,113.8,,1,0,0,0,0,0,0,0,1,0,0,0,,1,,1,,1,,2,1,1,3,1,4,4,1,3,3,1,3,3,2.5,7,3,5,6,5,3,7,1,7,5,5,3,3,3,5,7,5,4.5,3,6,0,1,0,1,1,0,0,0,0,0,1,0,1,0,0,1,6,3,2,2,3,4,1,2,2.428571429,2,2,2,5,4,3,2,1,2,1,1,1,1,2,2,1,1,2,0,1,0,2,1,3,1,2,1.272727273,1.4,1.3,4,2,2,4,5,5,4,2,3.666666667,2,2,2,2,4,4,4,2,4,2,4,4,4,4,4,4,2.5,4,2.5,4,3.25,4,4,3,4,2,3,3,3,3,2,5,2,2,2,2,2,3,2.882352941,5,4,3,5,1,1,5,1,1,1,1,1,1,1,1,1,1,1,1,4,1,2,2.2,1.428571429,1,3.333333333,1.952380952,2250,3,1,2,2,3,3,4,2,2,1,1,3,2,2.5,0,1,1,1,1,1,0,0,0,0,1,0,0,0,1,1,8,3,5,5,5,5,4.6,3,3,3,3,3,2,2,2,2,2,1,1,0,2,2,2,2,0,2,2,1.454545455,2.5,1.4,4,4,2,4,4,4,4,2,3.666666667,4,4,3,2,2,4,4,2,4,4,3,4,4,4,3,4,2.5,4,3.5,3.75,3.4375,3,3,3,3,2,2,2,3,4,4,4,4,5,3,3,4,5,3.352941176,3,3,1,3,5,2,4,0,0,2,0,0,3,0,3,5,4,5,5,3,0,2.5,1.8,1.857142857,5,3,2.428571429,2,4,2,2,2,4,3,2,4,2.833333333,1,1,3,4,2,3,1,4,4,2,4,2,1,1,2,4,2,2,4,1,4,1,2,1,1,1,1,4,1.5,2,3.375,1,0,1,0,1,1,0,1,1,6,I am not feeling myself all of the time and have been working on my mental health because of my experiences   It is harder to do homework and just generally life is harder ,1,2,1
252,21,4,,0,1,1,28092,Lincolnton,36,,77.2,,1,0,0,1,0,0,0,0,0,0,0,0,,2,,1,,1,,4,3,2,2,2,2,3,2,2,2,2,2,1,2.166666667,5,5,3,5,5,3,5,5,3,5,5,3,5,5,3,4,4,4,4,4,0,0,1,1,0,0,1,0,0,0,0,0,0,0,0,0,3,2,3,3,2,1,1,2,2,1,,1,1,1,1,0,0,0,0,0,0,0,0,0,0,0,0,0,0,0,0,0,0,0,0,0,0,0,5,5,1,5,5,5,5,1,4.333333333,4,5,5,5,5,5,5,5,5,5,5,5,5,5,5,5,5,5,4.75,5,4.9375,1,1,1,1,1,1,1,1,1,1,1,1,1,1,1,1,1,1,5,5,5,5,,4,5,4,4,4,4,4,4,4,4,4,4,4,4,4,4,4.25,4.4,4,4,4.666666667,4.25,2252,2,3,3,1,3,3,3,3,1,3,3,1,3,1.833333333,0,0,0,1,0,0,1,0,0,0,0,0,0,0,0,1,3,1,3,1,2,1,1.6,2,1,2,2,2,2,2,2,2,2,2,2,2,2,2,2,2,2,2,2,2,1.9,2,4,5,1,5,5,5,5,1,4.166666667,5,5,5,5,5,4,4,4,4,4,4,4,4,4,4,4,4.5,4,4.75,4,4.3125,4,3,3,3,3,4,4,4,4,4,4,4,4,3,3,3,3,3.529411765,4,4,4,4,4,3,3,3,3,3,3,3,3,3,4,4,4,4,4,4,4,3.5,3.4,3.571428571,4,3.666666667,3.571428571,4,4,2,4,4,2,4,4,2,3,1,1,1,1,1,1,1,2,2,2,2,2,2,2,2,1,1,1,1,1,1,1,1,1,1,1,1,1,1.375,1.25,1.25,0,0,0,0,0,1,0,0,0,1,I have been more respectful of the things I own,1,2,3
259,19,1,,0,1,1,32259,jacksonville ,11,,409.7,,1,0,0,0,0,0,0,0,1,0,0,0,,1,,1,,1,,4,3,3,1,2,4,3,0,4,0,2,2,2,2.5,5,5,3,7,3,5,4,3,5,5,6,2,6,5,3,5,4,4.5,5.5,3.5,0,0,0,0,0,0,1,0,0,0,0,0,0,0,0,0,1,3,1,1,1,1,1,3,1.571428571,1,3,4,3,4,3,0,0,0,0,0,0,0,0,0,0,1,0,0,0,0,0,0,0,0,0,0.090909091,0,0.1,,5,3,3,5,5,5,1,3.8,5,5,5,5,5,5,4,5,5,5,5,3,3,3,4,4,5,4.25,5,3.5,4.4375,2,2,2,2,3,3,3,2,2,1,2,1,3,2,3,2,2,2.176470588,3,5,4,4,5,5,4,4,1,2,3,3,5,3,4,2,2,4,4,5,5,3.25,3.2,3.714285714,4.5,4.333333333,3.666666667,2259,1,2,2,2,3,4,1,2,2,0,1,3,3,2.333333333,0,0,0,0,0,0,1,0,0,0,0,0,0,0,0,0,1,4,3,3,1,3,2.8,1,1,1,0,1,1,0,2,2,0,1,2,0,2,0,0,1,0,1,3,0.909090909,0.9,1,5,5,2,4,5,5,5,1,4.166666667,5,5,5,5,5,5,5,5,5,5,5,5,3,5,5,5,5,5,5,4.5,4.875,1,1,1,2,1,2,1,1,2,2,1,3,2,4,2,1,2,1.705882353,3,5,3,3,5,5,3,4,4,4,4,4,5,5,5,2,4,5,5,3,3,4,3.8,3.714285714,5,4.333333333,4,4,2,4,4,3,3,4,3,3,3.666666667,1,2,2,2,1,1,2,2,2,1,2,2,4,2,1,4,2,4,2,1,2,1,1,1,3,3,1,4,1.875,2.083333333,2,0,0,0,0,0,0,0,1,0,1,There has not,0,1,1
260,19,1,,0,1,1,28645,Lenoir,36,,57.3,,1,0,0,1,0,0,0,0,1,0,0,0,,2,,1,,1,,1,1,1,3,4,3,4,1,3,2,1,3,2,2.666666667,2,6,2,7,6,2,5,5,3,4,3,5,4,2,6,2.5,3,6,3,5.5,0,0,0,0,0,0,1,0,0,0,1,0,0,0,0,0,2,2,4,1,1,1,1,1,1.571428571,3,1,1,2,4,2.2,0,0,0,0,0,0,0,0,0,0,0,0,0,1,1,1,0,0,0,0,0.272727273,0,0.3,5,5,1,5,5,5,5,1,4.333333333,3,3,4,4,2,3,4,2,4,2,4,2,4,3,4,3,3.5,3.25,2.5,3.5,3.1875,1,1,1,1,1,1,1,1,1,1,1,1,1,1,1,1,1,1,0,0,0,0,0,0,4,0,0,0,0,0,0,0,0,0,0,0,0,0,0,0,0.8,0,0,0,0.19047619,2260,1,3,1,3,4,3,4,1,3,2,1,3,2,2.666666667,0,0,0,1,0,0,0,0,0,0,1,0,0,0,0,0,2,1,1,1,2,4,1.8,1,0,0,0,0,0,0,0,0,0,0,0,0,2,1,2,0,0,0,1,0.545454545,0.1,0.6,5,5,1,5,5,5,5,1,4.333333333,4,3,4,4,2,3,4,4,4,4,4,4,4,4,4,4,4,3.75,3.25,4,3.75,1,1,1,1,1,1,1,1,1,1,1,1,1,1,1,1,1,1,0,2,0,4,0,3,0,0,0,4,4,4,4,0,3,0,3,0,0,4,0,3,1.4,1.428571429,0,2,1.666666667,4,3,3,4,4,2,3,2,4,3.333333333,4,4,4,4,4,4,4,4,4,4,4,3,3,4,3,4,4,4,4,3,4,4,4,1,4,4,4,4,3.875,3.5,4,0,0,0,0,0,1,0,0,0,1,NO,0,1,1
271,18,1,,0,1,1,28786,Waynesville,36,,33.8,,1,0,0,0,0,0,0,0,1,0,0,0,,1,,1,,1,,1,1,4,0,3,3,4,2,2,0,2,2,1,1.5,1,5,3,6,7,1,4,5,3,5,2,6,3,4,4,2,4,6,2,4,0,1,0,0,1,1,1,0,0,1,1,0,0,0,1,1,8,2,1,3,2,2,1,4,2.142857143,4,5,3,3,5,4,1,0,0,1,1,0,1,0,1,0,2,2,2,2,0,2,2,2,1,2,1.545454545,0.5,1.7,4,3,1,5,3,5,5,1,3.5,3,4,4,5,5,4,3,4,4,3,4,4,3,3,3,3,4.25,3.75,3.75,3,3.6875,3,4,5,2,4,3,3,4,3,3,4,2,1,4,3,4,4,3.294117647,4,2,3,4,5,4,0,1,0,4,5,1,0,0,2,3,0,5,4,5,0,3.25,1.6,2.142857143,5,2,2.476190476,2271,0,2,4,0,1,2,3,3,1,0,2,2,1,0.833333333,0,1,0,1,1,0,1,0,0,1,1,0,0,0,1,0,7,3,4,3,3,4,3.4,2,1,1,1,2,2,2,1,1,2,2,3,1,2,1,3,3,3,2,2,2.181818182,1.5,2.2,4,3,2,4,4,4,4,2,3.5,2,3,4,5,2,4,4,4,3,3,4,4,3,2,3,3,4.25,3.75,2.5,2.75,3.3125,3,3,3,3,4,3,3,4,2,4,4,4,1,4,1,3,3,3.058823529,0,0,0,4,5,0,4,0,0,5,3,0,2,0,2,1,1,5,2,1,0,2.75,1.6,0.571428571,5,0.666666667,1.666666667,3,3,3,2,3,3,2,5,1,2.333333333,1,3,4,4,2,2,2,4,3,2,4,4,2,2,3,2,2,1,1,1,2,1,3,1,2,4,1,2,2.5,1.916666667,2.75,0,1,0,0,0,1,1,1,0,4,"Since the hurricane I have had to return home as frequently as possible, many of my family members lost houses and we have had to start the rebuilding process. I will be transferring to a school closer to home. ",1,1,3
275,19,2,,0,1,1,29715,Fort Mill,45,,106.5,,1,0,0,0,0,0,0,0,1,0,0,0,,2,,1,,1,,3,3,2,2,2,3,4,3,1,2,3,1,2,1.833333333,5,2,6,6,4,4,6,5,3,6,2,6,6,4,4,4,6,6,5,5,0,0,0,0,0,0,1,1,0,0,0,0,0,0,0,0,2,2,1,2,1,2,1,2,1.571428571,2,4,3,4,4,3.4,1,0,1,0,0,0,0,0,1,0,0,1,0,2,1,1,0,0,1,0,0.545454545,0.3,0.6,4,4,2,4,4,4,5,1,3.5,2,2,3,3,1,3,4,3,4,1,4,4,4,4,3,4,3.25,3.75,1.5,3.75,3.0625,1,1,1,1,1,1,1,1,1,1,2,1,1,1,1,2,1,1.117647059,4,5,3,4,2,2,2,3,2,4,4,5,4,1,4,3,4,0,4,4,3,4.25,2.8,3,1,4.333333333,3.19047619,2275,2,1,2,2,3,3,3,2,2,2,3,1,2,2,0,0,0,0,0,0,1,1,0,0,0,0,0,0,0,0,2,4,4,4,5,4,4.2,0,0,0,0,0,0,0,0,0,0,0,1,0,1,1,1,1,0,0,0,0.454545455,0,0.5,4,3,3,3,4,5,5,1,3.333333333,2,2,4,2,2,3,3,3,4,2,3,4,4,4,4,3,3,3.5,2,3.75,3.0625,1,1,1,1,1,1,1,1,1,1,1,1,1,1,1,1,1,1,2,4,3,2,0,3,0,2,0,1,2,1,3,0,3,3,3,0,1,2,2,1.25,1.6,2.142857143,0,3,1.761904762,4,4,2,3,2,4,2,3,3,3,4,4,4,4,4,4,4,4,4,4,4,4,4,4,4,4,3,4,4,1,4,4,4,3,4,4,4,4,3.875,3.666666667,4,0,0,0,0,0,0,0,0,0,0,Nothing in particular.,0,2,1
277,19,2,,1,1,1,,Santo Domingo,,Dominican Republic,1426,,1,0,0,0,0,1,0,0,0,0,0,0,,2,,1,,1,,3,2,3,1,3,4,1,1,3,2,1,3,2,2.5,3,5,3,6,5,3,6,6,2,6,1,7,6,5,3,2.5,4.5,6.5,4.5,4.5,0,0,0,0,0,0,1,0,0,0,0,0,0,0,0,0,1,1,1,1,1,1,1,1,1,1,1,1,2,2,1.4,0,0,0,0,0,0,0,0,0,0,0,0,0,1,0,0,0,1,0,1,0.272727273,0,0.3,4,3,2,4,5,5,5,1,3.666666667,5,5,5,5,5,5,5,5,5,5,5,5,4,4,4,4,5,5,5,4,4.75,1,1,1,1,1,1,1,1,1,1,1,1,1,1,1,1,1,1,0,2,0,1,0,1,0,1,2,2,1,1,1,0,1,1,1,0,0,1,1,1,0.4,1.142857143,0,1,0.80952381,2277,3,2,3,1,2,4,1,1,3,3,3,1,3,2.166666667,0,1,0,0,0,0,1,0,0,0,0,0,0,0,0,0,2,1,1,3,3,1,1.8,0,0,0,0,0,0,0,0,0,0,1,0,0,0,0,0,0,0,0,0,0.090909091,0,0.1,5,4,1,5,4,4,4,2,4,5,5,5,5,5,5,5,5,5,5,5,5,5,4,4,4,5,5,5,4.25,4.8125,1,1,1,1,1,1,1,1,1,1,1,1,1,1,1,1,1,1,3,3,2,2,2,2,2,2,2,2,2,2,2,2,2,2,2,2,2,2,2,2,2,2,2,2.666666667,2.095238095,3,2,4,3,3,3,3,3,3,3.166666667,4,4,4,4,4,4,4,4,4,4,4,4,4,4,4,4,4,4,4,4,4,4,4,4,4,4,4,4,4,4,4,0,0,0,0,0,1,0,1,1,3,Ive matured in many aspects of my life.,1,2,2
281,19,1,,0,1,1,28787,Weaverville ,36,,9,,0,0,0,0,0,0,0,0,0,0,1,0,,2,,,,1,,2,1,3,1,2,3,4,2,2,0,2,2,2,1.833333333,4,4,4,6,6,2,4,6,2,5,3,5,4,4,4,3,4.5,5.5,3,4,0,0,0,0,0,0,1,0,0,0,0,0,0,0,0,0,1,1,2,1,1,1,1,1,1.142857143,1,4,3,3,3,2.8,0,0,0,0,0,0,0,0,0,0,0,0,0,0,0,0,0,0,0,0,0,0,0,3,2,2,4,4,4,3,3,3.333333333,4,4,4,4,4,4,4,3,4,4,4,3,4,4,4,4,3.75,3.75,4,4,3.875,1,1,1,1,1,1,4,1,2,1,1,1,2,3,2,4,4,1.823529412,0,2,0,0,0,0,0,0,0,0,0,0,0,0,0,0,0,0,0,0,0,0,0,0,0,0.666666667,0.095238095,2281,2,1,3,1,2,3,3,3,1,1,2,2,2,1.666666667,0,0,0,0,0,0,1,0,0,0,0,0,0,0,0,0,1,4,3,2,2,2,2.6,0,0,0,0,0,0,0,0,0,0,0,0,0,0,0,0,0,0,0,0,0,0,0,4,3,3,3,4,4,4,2,3.333333333,3,3,4,3,4,3,3,2,3,3,4,3,3,3,3,3,3.25,3,3.25,3,3.125,1,1,1,1,1,1,1,1,1,1,1,1,2,3,2,4,2,1.470588235,0,0,0,0,0,0,0,0,0,0,0,0,0,0,0,0,0,0,0,0,0,0,0,0,0,0,0,3,4,2,2,3,3,4,3,3,2.833333333,1,2,4,4,4,4,4,4,4,4,4,4,4,4,4,4,4,4,4,2,4,4,4,3,4,4,4,4,3.75,3.75,3.625,0,0,0,0,0,0,0,1,0,1,,0,7,7
282,18,1,,0,1,1,27051,Walkertown,36,,135,,1,0,0,0,0,0,0,0,1,0,0,0,,1,,8,,1,,1,1,2,2,2,4,3,2,2,2,2,2,2,1.833333333,4,4,4,5,5,3,6,4,4,7,4,4,4,2,6,4,5.5,4.5,3.5,6,0,0,0,1,1,0,1,1,0,1,0,0,0,0,1,1,7,2,3,3,2,3,2,2,2.428571429,4,5,5,5,5,4.8,3,2,2,2,2,2,2,2,2,2,2,2,0,1,2,2,2,2,1,1,1.545454545,2.1,1.5,4,3,2,4,4,4,4,2,3.5,4,4,3,3,4,4,4,2,4,4,3,4,4,4,4,4,2.75,4,4,4,3.6875,3,3,3,3,3,3,3,3,3,3,3,3,3,3,3,3,3,3,2,2,2,3,1,,1,2,2,2,3,2,2,2,2,2,2,2,2,2,2,2.25,2,2,1.5,2,2,2282,1,1,2,2,1,3,3,3,1,1,2,2,1,1.333333333,0,1,1,1,0,0,1,0,0,0,1,0,0,0,1,1,7,4,4,4,4,4,4,3,3,2,2,2,2,2,2,2,2,2,2,0,2,2,2,2,1,1,2,1.636363636,2.2,1.6,3,3,3,3,4,5,4,2,3.333333333,5,5,4,4,5,5,5,4,4,5,3,4,4,4,4,4,3.75,4.5,5,4,4.3125,3,3,4,4,4,3,3,3,4,3,4,3,3,4,4,4,4,3.529411765,1,2,1,1,0,2,1,1,2,1,2,1,2,2,2,2,2,0,1,1,2,1,1.6,1.714285714,0,1.666666667,1.380952381,2,4,2,3,4,2,3,4,2,2.333333333,2,3,1,1,2,2,3,2,3,3,1,3,2,2,2,3,3,2,2,3,2,4,2,3,3,2,3,3,2.75,2.583333333,1.75,0,0,0,1,1,1,1,1,1,6,Not many significant changes besides helping my family and friends grieve with the loss of loved ones due to the disaster,1,1,1
284,18,2,,1,1,1,,Cali,,Colombia ,,,1,0,0,0,0,1,0,0,0,0,0,0,,1,,1,,1,,3,3,2,2,3,3,2,3,1,2,2,2,2,2.166666667,6,4,4,5,2,6,4,2,6,6,4,4,3,3,5,6,5,4.5,4.5,4.5,0,0,0,0,0,0,1,0,0,0,0,0,0,0,0,0,1,1,1,1,1,1,1,1,1,1,1,1,1,1,1,0,0,0,0,0,0,0,0,0,0,0,0,0,0,0,0,0,0,0,0,0,0,0,3,3,3,3,4,5,4,2,3.333333333,5,5,3,3,4,4,4,3,3,5,3,4,3,3,3,3,3,3.75,4.75,3,3.625,1,1,1,1,2,1,4,1,3,5,1,1,1,1,1,1,1,1.588235294,5,3,4,3,1,3,3,3,3,2,3,1,4,3,1,3,1,3,2,3,3,2,2.8,2.714285714,2,4,2.714285714,2284,3,2,2,2,3,4,2,2,2,1,1,3,3,2.666666667,0,0,0,0,0,0,1,0,0,0,0,0,0,0,0,0,1,3,3,1,2,3,2.4,1,0,1,0,0,0,0,0,0,0,0,0,0,,0,0,0,0,0,0,0,0.2,0,4,5,2,4,5,5,4,2,4.166666667,4,3,5,2,3,4,2,4,4,3,4,5,5,4,4,4,3.75,3.75,3.25,4.25,3.75,1,1,1,2,1,1,1,1,2,1,1,1,2,1,1,1,1,1.176470588,0,4,0,0,0,0,0,0,0,0,0,0,0,0,2,0,0,0,0,0,2,0,0,0.571428571,0,1.333333333,0.380952381,5,2,4,4,3,3,4,3,3,3.833333333,3,4,4,4,4,4,4,4,4,4,4,4,4,4,3,4,3,4,4,3,4,4,4,4,4,4,3,4,3.875,3.75,3.875,0,0,0,0,1,0,0,1,0,2,It is more calm this semester ,0,1,1
289,20,2,,0,1,1,28714,Burnsville,36,,15.4,,0,0,0,0,0,0,0,0,1,0,0,0,,5,,6,,1,,3,1,4,0,2,4,4,4,0,0,3,1,4,1.666666667,5,5,3,2,7,1,7,6,2,6,6,2,3,2,6,3.5,4.5,2,2,6.5,0,0,0,1,0,0,0,0,0,0,0,0,0,0,1,1,3,3,5,3,3,4,3,5,3.714285714,5,5,4,5,5,4.8,2,3,3,2,2,3,3,2,2,2,3,2,3,3,2,3,2,3,2,2,2.454545455,2.4,2.5,4,3,2,4,4,5,4,2,3.666666667,1,1,2,1,1,2,2,2,2,3,1,2,4,3,4,3,1.5,2,1.5,3.5,2.125,4,4,5,4,4,4,4,5,5,5,5,5,4,5,5,4,5,4.529411765,,,,,,,,,,,,,,,,,,,,,,,,,,,,2289,1,1,3,1,4,3,3,3,1,0,3,1,3,1.833333333,0,0,0,1,0,0,0,0,0,0,1,0,0,1,1,1,5,4,5,4,5,5,4.6,2,3,3,2,2,2,2,3,,,3,2,1,2,3,3,3,3,2,3,2.5,2.375,2.5,4,5,3,3,5,5,4,2,4,5,5,3,2,4,4,3,1,4,5,1,4,4,4,4,2,1.75,3.75,4.75,3.5,3.4375,4,4,5,5,5,5,5,5,4,3,2,4,4,5,5,4,4,4.294117647,1,3,2,3,1,4,2,2,3,4,3,1,2,2,4,3,4,0,4,4,3,3,2.6,3.285714286,0.5,2,2.619047619,4,4,2,4,2,4,2,2,4,3.333333333,2,2,3,4,1,4,2,4,3,2,4,2,1,1,1,4,2,4,1,3,2,4,2,2,2,3,4,4,1.875,2.666666667,3.25,1,0,0,0,1,1,1,1,0,5,"Yes, there has been significant changes with the ramifications of Hurricane Helene having passed. With a better mood, and more friends as well as a boyfriend who cares for me deeply, My life has also had hardships with",1,2,3
303,20,3,,0,1,1,29671,Pickens,45,,65.9,,0,1,0,0,0,0,0,0,1,0,0,0,,1,,1,,1,,1,2,1,3,3,4,3,1,3,3,1,3,3,2.666666667,5,2,6,6,5,3,7,7,1,7,1,7,6,3,5,3,6.5,6.5,4.5,6,0,0,0,0,0,0,1,0,0,0,0,0,1,0,1,0,3,3,1,2,2,2,1,2,1.857142857,4,5,5,3,4,4.2,1,1,1,0,0,0,1,0,0,1,2,0,0,3,0,2,0,0,0,0,0.727272727,0.5,0.7,,,,,,,,,,,,,,,,,,,,,,,,,,,,,,,,,,,,,,,,,,,,,,,,,,,,,,,,,,,,,,,,,,,,,,,,,,,,2303,2,3,1,3,4,4,4,1,3,3,0,4,3,3.166666667,0,0,0,0,0,0,1,0,0,0,0,1,0,0,0,0,2,3,4,4,4,4,3.8,2,2,2,1,2,1,1,1,1,1,3,0,0,2,1,0,0,0,1,1,0.818181818,1.4,0.8,5,5,1,5,5,5,5,1,4.333333333,5,5,5,5,5,5,5,5,5,5,5,5,5,5,5,5,5,5,5,5,5,1,1,1,1,1,1,1,1,1,1,1,1,1,1,1,1,1,1,5,5,2,3,5,5,5,5,5,5,5,5,5,5,5,5,5,5,5,5,5,4.5,4.4,5,5,5,4.761904762,4,2,4,3,3,3,3,3,3,3.333333333,3,4,4,4,4,4,4,4,4,4,4,4,4,4,4,4,4,4,4,4,4,4,4,4,4,4,4,4,4,4,3.875,0,0,0,0,0,0,0,1,1,2,My brothers car got crushed in the hurricane so having to share transportation.,1,1,1